time,soilw,soilw_yr01,soilw_yr03,soilw_yr05,soilw_yr10
1948-01-01,60.385357,,,,
1948-02-01,64.61667,,,,
1948-03-01,84.51636,,,,
1948-04-01,100.32164,,,,
1948-05-01,91.51035,,,,
1948-06-01,103.6524,,,,
1948-07-01,99.29758,,,,
1948-08-01,86.066765,,,,
1948-09-01,75.22399,,,,
1948-10-01,71.565956,,,,
1948-11-01,75.536766,,,,
1948-12-01,100.091515,84.39877908333334,,,
1949-01-01,137.32372,90.81030933333334,,,
1949-02-01,154.58429,98.30761100000001,,,
1949-03-01,162.6998,104.82289766666668,,,
1949-04-01,165.70238,110.27129266666667,,,
1949-05-01,174.0012,117.14553016666666,,,
1949-06-01,165.73486,122.3190685,,,
1949-07-01,142.32712,125.90486350000002,,,
1949-08-01,115.513336,128.35874441666667,,,
1949-09-01,99.6465,130.39395358333334,,,
1949-10-01,109.30047,133.53849641666667,,,
1949-11-01,114.00701,136.74435008333333,,,
1949-12-01,124.513016,138.77947516666666,,,
1950-01-01,148.35233,139.69852600000002,,,
1950-02-01,155.11024,139.74235516666667,,,
1950-03-01,144.89104,138.25829183333335,,,
1950-04-01,135.85104,135.77068016666666,,,
1950-05-01,137.5949,132.73682183333335,,,
1950-06-01,125.0924,129.34995016666667,,,
1950-07-01,108.600845,126.53942725,,,
1950-08-01,87.73702,124.22473425,,,
1950-09-01,88.57241,123.30189341666666,,,
1950-10-01,97.619484,122.32847791666666,,,
1950-11-01,111.80334,122.14483875,,,
1950-12-01,124.00167,122.10222658333333,115.09349361111111,,
1951-01-01,138.04597,121.24336325000002,117.25073286111112,,
1951-02-01,145.0026,120.40105991666667,119.48367536111112,,
1951-03-01,148.99454,120.74301824999999,121.27473591666666,,
1951-04-01,166.6136,123.30656491666666,123.11617924999999,,
1951-05-01,173.55533,126.30326741666666,125.39520647222223,,
1951-06-01,153.45479,128.66679991666666,126.77860619444446,,
1951-07-01,141.13123,131.37766533333334,127.94065202777779,,
1951-08-01,134.395,135.26583033333333,129.283103,,
1951-09-01,117.45695,137.67287533333334,130.45624077777777,,
1951-10-01,114.507935,139.08024625,131.64907352777777,,
1951-11-01,124.90316,140.17189791666667,133.02036225,,
1951-12-01,156.53818,142.88327375000003,134.5883251666667,,
1952-01-01,193.03842,147.46597791666667,136.13595572222223,,
1952-02-01,199.97253,152.04680541666667,137.3967401666667,,
1952-03-01,212.87563,157.37022958333333,138.79051322222222,,
1952-04-01,231.1197,162.74573791666666,140.607661,,
1952-05-01,224.1688,166.96352708333333,142.00120544444445,,
1952-06-01,198.69858,170.73384291666665,142.91686433333334,,
1952-07-01,160.78993,172.37206791666668,143.42972016666667,,
1952-08-01,126.87313,171.74524541666668,143.74527,,
1952-09-01,104.29696,170.64857958333334,143.87444944444445,,
1952-10-01,88.53173,168.48389583333332,143.29754,,
1952-11-01,91.78965,165.72443666666666,142.6803911111111,,
1952-12-01,99.2529,160.95066333333332,141.97872122222222,129.82288358333332,
1953-01-01,108.94424,153.942815,140.88405205555557,130.6321983,
1953-02-01,115.7532,146.9245375,139.79080094444444,131.4844738,
1953-03-01,114.31754,138.71136333333334,138.94153705555556,131.98116013333333,
1953-04-01,130.37874,130.31628333333333,138.78952872222223,132.4821118,
1953-05-01,141.7869,123.45112499999999,138.90597316666668,133.3200543,
1953-06-01,124.54736,117.27185666666666,138.89083316666665,133.66830363333332,
1953-07-01,115.49703,113.49744833333334,139.08239386111111,133.93829446666666,
1953-08-01,104.817894,111.659512,139.55686258333333,134.25081328333334,
1953-09-01,87.77003,110.28226783333332,139.53457425,134.45991395,
1953-10-01,81.656044,109.709294,139.0911453611111,134.62808208333334,
1953-11-01,77.917,108.55323983333334,138.1498581388889,134.66775265,
1953-12-01,81.32893,107.05957566666667,136.96450425,134.3550429,
1954-01-01,94.861855,105.88604358333333,135.76494549999998,133.64734515,
1954-02-01,102.46489,104.77868441666665,134.58334244444444,132.77868848333335,
1954-03-01,119.085205,105.17598983333333,133.75252758333332,132.05177856666666,
1954-04-01,128.47957,105.01772566666666,132.69324897222222,131.4313984,
1954-05-01,125.39291,103.65155983333334,131.35540397222223,130.62126023333332,
1954-06-01,125.11134,103.69855816666666,130.56808591666666,129.94420156666666,
1954-07-01,114.79557,103.64010316666666,129.83653980555556,129.4853424,
1954-08-01,101.14654,103.334157,128.91297147222224,129.2458958,
1954-09-01,96.78134,104.0850995,128.33864897222222,129.19814313333333,
1954-10-01,104.629654,105.999567,128.06425227777777,129.1202962,
1954-11-01,115.43506,109.12607200000001,127.80124949999998,129.14409703333334,
1954-12-01,119.83421,112.33484533333332,126.78169477777776,129.06611693333332,
1955-01-01,127.39163,115.04565991666668,124.95817283333332,128.71677193333332,
1955-02-01,157.49059,119.63113491666667,123.77811894444443,128.75644443333334,
1955-03-01,168.15135,123.71998033333334,122.53577783333334,129.14411626666666,
1955-04-01,158.86946,126.25247116666667,120.52882672222222,129.5277566,
1955-05-01,155.2719,128.742387,118.61502394444443,129.82237326666666,
1955-06-01,149.43732,130.769552,117.24665561111111,130.2281219333333,
1955-07-01,136.4573,132.57469616666666,116.57074922222222,130.69239618333333,
1955-08-01,130.47838,135.01901616666666,116.67089505555555,131.40475218333333,
1955-09-01,130.9779,137.8687295,117.41203227777777,132.11151035,
1955-10-01,131.32323,140.09319416666668,118.60068505555556,132.67323945,
1955-11-01,137.56091,141.937015,119.87210894444446,133.10253228333335,
1955-12-01,146.87602,144.19049916666668,121.19497338888888,133.48377145,
1956-01-01,170.24748,147.76182,122.89784116666667,134.02046328333333,
1956-02-01,190.18355,150.48623333333333,124.96535088888888,134.77347911666666,
1956-03-01,178.23518,151.3265525,126.7408408888889,135.26082311666667,
1956-04-01,169.76793,152.23475833333336,127.83498505555556,135.31339528333334,
1956-05-01,169.52126,153.422205,128.60538394444444,135.24616078333332,
1956-06-01,147.95143,153.2983808333333,129.255497,135.15443811666665,
1956-07-01,127.412125,152.54461625000002,129.5864718611111,134.92578636666664,
1956-08-01,103.8602,150.32643458333334,129.55986925,134.41687303333333,
1956-09-01,87.05608,146.66628291666666,129.54003730555556,133.91019186666668,
1956-10-01,91.80519,143.37311291666666,129.82195802777778,133.53181278333332,
1956-11-01,95.45144,139.86399041666667,130.30902580555554,133.04095078333333,
1956-12-01,101.17374,136.05546708333333,130.86027052777777,132.1182101166667,
1957-01-01,120.18176,131.88332375,131.56360122222222,130.90393244999999,
1957-02-01,125.22587,126.47018375,132.19585066666664,129.65815478333332,
1957-03-01,133.29108,122.72484208333334,132.59045830555556,128.33174561666667,
1957-04-01,162.3727,122.10857291666666,133.5319341388889,127.18596228333332,
1957-05-01,199.54924,124.61090458333332,135.59183219444446,126.77563628333333,
1957-06-01,207.27278,129.55435041666667,137.87409441666668,126.91853961666668,
1957-07-01,177.02284,133.68857666666668,139.60262969444443,127.18908811666667,
1957-08-01,149.045,137.45397666666665,140.93314247222222,127.55861928333334,
1957-09-01,125.746704,140.67819533333332,141.73773591666665,127.91611501666667,
1957-10-01,117.06402,142.78309783333333,142.0831349722222,128.39165318333332,
1957-11-01,123.489845,145.11963158333333,142.306879,128.91998976666667,
1957-12-01,131.09314,147.61291491666665,142.61962705555555,129.45066043333333,129.63677200833334
1958-01-01,131.4503,148.55195991666668,142.73236788888892,129.82576143333333,130.22897986666666
1958-02-01,144.20059,150.13318658333333,142.36320122222222,130.29988459999998,130.8921792
1958-03-01,168.90483,153.10099908333333,142.3841312222222,131.20967276666667,131.59541645
1958-04-01,179.94957,154.56573825,142.96968983333332,132.03585326666666,132.25898253333332
1958-05-01,163.64102,151.57338658333333,143.2021653888889,132.4000886,132.86007145
1958-06-01,131.85637,145.28868574999998,142.71380566666667,132.52190543333333,133.09510453333334
1958-07-01,104.33069,139.23100658333334,141.82139983333334,132.33579976666667,133.13704711666665
1958-08-01,97.93066,134.97147825,140.9172965,132.22101253333332,133.23591290833332
1958-09-01,91.66923,132.13168875,139.82538899999997,132.2859992,133.37295657500002
1958-10-01,79.24926,128.98045875,138.37888983333335,132.24588613333333,133.43698410833332
1958-11-01,90.247055,126.21022625,137.06461608333333,132.45138705,133.55956985
1958-12-01,99.97141,123.61674875000001,135.76171025,132.76209505,133.55856897500001
1959-01-01,107.17359,121.59368958333334,134.00965775,132.96729063333333,133.30731789166666
1959-02-01,129.45999,120.36530625,132.32289219444445,133.41720896666666,133.097948725
1959-03-01,143.1134,118.21602041666667,131.34728719444445,133.81767888333334,132.934728725
1959-04-01,144.32695,115.24746875000001,130.64059330555554,134.08180188333333,132.75660014166667
1959-05-01,150.50061,114.15243458333333,130.11224191666668,134.50026355,132.56076189166666
1959-06-01,142.6009,115.04781208333334,129.96361608333333,134.79175621666667,132.36797889166667
1959-07-01,124.04079,116.69032041666668,129.8699678888889,134.94584321666667,132.21559280833333
1959-08-01,116.75021,118.25861625,130.22802372222225,135.20590438333335,132.22590009166666
1959-09-01,121.93024,120.78036708333333,131.1967503888889,135.62505271666666,132.411597925
1959-10-01,119.22779,124.11191125,131.95848927777777,135.86835498333332,132.49432559166667
1959-11-01,107.8691,125.580415,132.30342427777776,135.74225565,132.44317634166666
1959-12-01,120.985016,127.33154883333334,132.8537375,135.76143575,132.41377634166668
1960-01-01,141.36229,130.18060716666668,133.44208555555556,135.99428008333334,132.35552600833333
1960-02-01,155.387,132.34119133333334,134.27989472222222,135.95922025,132.35783234166666
1960-03-01,170.49854,134.62328633333334,135.31343527777778,135.99834008333335,132.57122817500002
1960-04-01,171.3057,136.8715155,135.56157416666667,136.20561075,132.866683675
1960-05-01,154.51527,137.2060705,134.31063055555558,136.19300025,133.00768675833334
1960-06-01,127.6293,135.95843716666664,132.09831166666666,135.82953325,133.02882759166667
1960-07-01,106.56542,134.50215633333332,130.1411611111111,135.33133525,133.01186571666668
1960-08-01,89.85294,132.26071716666667,128.49693722222224,134.65424458333334,133.02949838333333
1960-09-01,83.79967,129.08316966666666,127.33174183333333,133.86794075,132.98972555
1960-10-01,91.66842,126.7865555,126.6263085,133.20702724999998,132.94013335
1960-11-01,107.77842,126.77899883333333,126.18988002777779,132.71065241666668,132.90659235
1960-12-01,113.03483,126.11648333333333,125.68826030555556,132.14663258333334,132.81520201666666
1961-01-01,105.13175,123.09727166666666,124.95718947222223,131.06137041666668,132.54091685
1961-02-01,104.86438,118.88705333333333,123.86451697222225,129.63938425,132.20643168333334
1961-03-01,116.10511,114.35426749999999,122.39785808333333,128.60388308333333,131.9323531
1961-04-01,122.335396,110.27340883333333,120.79746436111112,127.81334085,131.56336806666667
1961-05-01,120.185104,107.41256166666666,119.59035558333335,126.99107158333335,131.11861618333333
1961-06-01,103.50326,105.40205833333334,118.80276919444444,126.25026875,130.70235343333334
1961-07-01,98.133095,104.69936458333332,118.63061377777778,125.76228491666667,130.34403564166666
1961-08-01,108.81816,106.27979958333333,118.93304433333333,125.84491758333334,130.13089530833335
1961-09-01,116.87376,109.03597375,119.63317016666669,126.34187891666667,130.12603539166668
1961-10-01,132.33635,112.42496791666666,121.10781155555554,127.01739825,130.27460551666667
1961-11-01,149.94675,115.93899541666667,122.76613641666667,127.92565341666666,130.4833021
1961-12-01,155.91139,119.51204208333333,124.32002475,128.83794758333335,130.47807885
1962-01-01,161.90814,124.24340791666667,125.84042891666665,129.53338725,130.21865985000002
1962-02-01,182.84052,130.74141958333334,127.32322141666668,130.4936314166667,130.0758931
1962-03-01,207.70325,138.37459791666666,129.11738391666665,131.73383425,130.03278993333333
1962-04-01,219.89038,146.5041799166667,131.21636808333332,132.69246225,129.93921226666666
1962-05-01,222.15784,155.00190791666668,133.20684669444447,133.06927224999998,129.92245426666668
1962-06-01,204.6257,163.42877791666666,134.92975780555557,133.02515424999999,129.97184693333332
1962-07-01,177.86665,170.07324083333333,136.42492058333335,133.03921775,130.11415293333332
1962-08-01,141.96336,172.83534083333333,137.1252858611111,132.92119041666666,130.23990485
1962-09-01,118.97415,173.01037333333332,137.04317225,132.80831451666666,130.36221476666665
1962-10-01,118.136154,171.8270236666667,137.01284902777778,132.82618341666665,130.6089183
1962-11-01,116.108,169.00712783333333,137.2417073611111,132.70315266666665,130.81157121666666
1962-12-01,108.25826,165.03603366666667,136.8881863611111,132.32257133333334,130.88661588333335
1963-01-01,106.10702,160.38594033333334,135.90887330555555,131.90018333333333,130.86297238333333
1963-02-01,108.4395,154.18585533333334,134.60477608333335,131.30416516666668,130.80202488333333
1963-03-01,122.75072,147.10647783333334,133.27844775,130.53493,130.87230138333334
1963-04-01,159.83455,142.10182533333332,132.95980469444441,130.19967966666667,131.11776646666667
1963-05-01,163.1899,137.18783033333332,133.2007666388889,130.192161,131.2961248
1963-06-01,174.3881,134.66803033333335,134.49962219444444,130.90102316666668,131.7114643
1963-07-01,162.24147,133.36593200000002,136.0461791388889,131.86620283333335,132.1010013
1963-08-01,135.30428,132.81100866666665,137.30871636111112,132.48909650000002,132.35505451666666
1963-09-01,128.77176,133.62747616666667,138.55794108333333,133.107472,132.69673559999998
1963-10-01,127.83954,134.43609166666667,139.56269441666666,133.91731,133.0815980666667
1963-11-01,141.77335,136.57487083333334,140.50699802777777,134.77608158333334,133.61373431666667
1963-12-01,154.34987,140.41583833333334,141.6546380277778,135.68238925,134.22224215
1964-01-01,151.4884,144.19762,142.94232275,136.42096941666665,134.694130025
1964-02-01,146.2052,147.34476166666667,144.0906788611111,136.70005625000002,135.05863260833334
1964-03-01,153.82927,149.93464083333333,145.13857219444446,136.87865408333334,135.34816648333333
1964-04-01,178.66237,151.50362583333333,146.7032103611111,137.45091108333332,135.76635648333334
1964-05-01,200.14027,154.58282333333335,148.92418719444444,138.27823875,136.38925115
1964-06-01,227.33022,158.99466666666666,152.36382497222223,139.69039408333336,137.24107515
1964-07-01,210.5752,163.0224775,155.48721677777777,141.13263425,138.03923873333332
1964-08-01,165.16173,165.51059833333332,157.05231594444444,141.93949291666667,138.57269864999998
1964-09-01,141.51675,166.57268083333332,157.73684344444442,142.26593474999999,138.94549373333334
1964-10-01,128.30167,166.61119166666666,157.62476900000001,142.41716608333334,139.14276053333333
1964-11-01,131.68205,165.77025,157.11741622222223,142.81404858333335,139.27815211666666
1964-12-01,166.65424,166.79561416666667,157.41582872222222,143.57520231666666,139.66831903333332
1965-01-01,195.22871,170.44064,158.3414001111111,144.47297598333336,140.23362803333336
1965-02-01,194.83063,174.49275916666667,158.67445872222223,145.13036981666667,140.54479503333332
1965-03-01,187.87483,177.32988916666667,158.1236692777778,145.41997464999997,140.70915736666666
1965-04-01,188.70157,178.16648916666668,157.25731344444446,145.7099058166667,140.95775828333336
1965-05-01,200.17236,178.16916333333333,156.6466056666667,146.4708573166667,141.33192878333332
1965-06-01,197.83524,175.71124833333332,156.45798177777777,147.64095631666666,141.73524478333334
1965-07-01,180.23157,173.1826125,156.523674,148.86872548333332,142.10003036666666
1965-08-01,177.48924,174.20990500000002,157.510504,150.32933048333334,142.49178753333334
1965-09-01,184.9427,177.82873416666666,159.3429637222222,152.01504764999999,142.9414942
1965-10-01,180.27321,182.15969583333333,161.06899305555555,153.49179415,143.3494107
1965-11-01,171.19101,185.45210916666667,162.5990766666667,154.54867065,143.62966153333335
1965-12-01,176.3331,186.2586808333333,164.49004444444444,155.60364181666665,143.8751372
1966-01-01,179.83452,184.97583166666666,166.53803055555557,156.84868798333335,143.9550292
1966-02-01,175.23103,183.34253166666667,168.39335083333333,158.02146548333334,143.83042486666668
1966-03-01,172.27914,182.04289083333333,169.76914027777778,158.95769931666666,143.78079119999998
1966-04-01,166.59941,180.20104416666666,169.95705305555555,159.69543288333335,143.7543868666667
1966-05-01,151.31088,176.12925416666667,169.62708027777776,160.2141958166667,143.60263369999998
1966-06-01,124.50473,170.01837833333335,168.24143111111113,160.56422031666665,143.4072445333333
1966-07-01,97.96842,163.16311583333334,166.4560686111111,160.56147573333334,143.161880325
1966-08-01,82.41532,155.24028916666666,164.9869308333333,160.12142839999999,142.9831729916667
1966-09-01,77.35936,146.27501083333334,163.55880861111112,159.46285506666666,142.90236699166664
1966-10-01,86.903854,138.49423116666668,162.42170622222224,158.70564679999998,142.861522525
1966-11-01,96.26314,132.250242,161.1575337222222,157.81091996666666,142.86828669166664
1966-12-01,117.19016,127.32166366666667,160.12531955555556,157.16556613333336,143.00175685833335
1967-01-01,148.42624,124.70430699999999,160.04025955555556,156.94086779999998,143.23712752500003
1967-02-01,152.31277,122.79445199999999,160.20991427777778,156.43207196666665,143.46285169166669
1967-03-01,153.02782,121.19017533333334,160.18765177777777,155.5208148,143.627324525
1967-04-01,160.02878,120.64262283333335,159.67005205555557,154.52312146666665,143.60779185833334
1967-05-01,173.44905,122.48747033333335,158.92862927777776,153.7113083,143.390290275
1967-06-01,200.56935,128.82618866666667,158.18527177777779,153.64370246666667,143.33442835833333
1967-07-01,202.68538,137.552602,157.9661101111111,154.05734796666667,143.54828285833335
1967-08-01,162.23601,144.20432616666668,157.88484011111112,154.39522546666666,143.6582079416667
1967-09-01,146.70586,149.98320116666667,158.02898205555556,154.85742063333333,143.832867575
1967-10-01,145.17352,154.83900666666668,158.49764455555555,155.3080434,144.0671134083333
1967-11-01,138.26025,158.33876583333333,158.68037233333334,155.67724756666667,144.19020011666666
1967-12-01,149.32964,161.01705583333333,158.19913344444447,156.36177056666665,144.34217095
1968-01-01,158.98337,161.89681666666667,157.19231844444445,157.24304306666667,144.57161320000003
1968-02-01,165.57832,163.00227916666668,156.37975427777778,158.19535673333334,144.74976095000002
1968-03-01,184.07579,165.58961,156.27422538888888,159.21744123333335,144.87618561666667
1968-04-01,205.77979,169.40219416666665,156.7486203888889,159.98319523333333,145.09143745
1968-05-01,214.19498,172.79768833333333,157.13813761111112,160.83327989999998,145.51272045000002
1968-06-01,202.51538,172.9598575,157.2681415,161.30206790000003,146.1015455333333
1968-07-01,184.8566,171.47412583333335,157.39661455555557,161.67898673333332,146.77259478333335
1968-08-01,194.13559,174.13242416666665,157.85901316666667,162.65950856666666,147.5743025333333
1968-09-01,191.02551,177.82572833333333,158.0279801111111,163.69707106666667,148.40227153333333
1968-10-01,187.31673,181.3376625,158.22363344444446,164.68835756666664,149.30283378333334
1968-11-01,186.41635,185.35067083333334,158.64655955555554,165.43240756666668,150.104244575
1968-12-01,197.86598,189.39536583333336,159.24469511111113,166.15767606666665,150.92003265833333
1969-01-01,221.04048,194.56679166666663,160.3893051111111,167.3168774,151.8689234083333
1969-02-01,250.73705,201.6633525,162.48669455555554,169.05907489999998,152.879565575
1969-03-01,263.3845,208.27241166666667,165.01739899999998,170.88499540000004,153.88182474166666
1969-04-01,266.5148,213.33366249999997,167.7928265,172.34920256666666,154.90005682499998
1969-05-01,239.5376,215.4455475,170.24356872222222,173.0058247333333,155.64203174166667
1969-06-01,228.00409,217.5696066666667,173.11855094444442,173.01705589999997,156.35372499166667
1969-07-01,208.2956,219.52285666666668,176.18319483333335,172.97906256666664,157.05584840833333
1969-08-01,169.21646,217.4462625,178.59433761111111,173.04664140000003,157.49306715833333
1969-09-01,140.91502,213.27038833333333,180.3597726111111,173.03661256666663,157.6512736583333
1969-10-01,149.14734,210.0896058333333,182.08875833333332,173.38404040000003,157.90060324166663
1969-11-01,161.09383,207.9793958333333,183.88961083333334,173.87423673333333,158.3441426583333
1969-12-01,162.24048,205.01060416666667,185.1410086111111,173.80067406666666,158.68793819166666
1970-01-01,160.45193,199.96155833333333,185.47505555555554,173.22106106666666,158.84701852499998
1970-02-01,153.95297,191.89621833333334,185.52061666666668,172.53976673333332,158.835068275
1970-03-01,158.66661,183.1697275,185.6772497222222,172.05296306666668,158.73646885833332
1970-04-01,178.48291,175.83373666666668,186.18986444444442,171.88265206666665,158.79627894166666
1970-05-01,182.96756,171.11956666666666,186.45426750000001,171.5959054,159.03338135833332
1970-06-01,190.03548,167.95551583333332,186.16165999999998,171.46590940000002,159.55343285833334
1970-07-01,184.67612,165.98722583333333,185.66140277777777,171.53998523333337,160.20435535833334
1970-08-01,153.12747,164.64647666666664,185.4083877777778,171.13395573333335,160.73164310833332
1970-09-01,143.89355,164.8946875,185.33026805555556,170.4498032333333,161.23242544166666
1970-10-01,152.01755,165.13387166666666,185.52038,169.97887556666666,161.73533485833335
1970-11-01,164.8863,165.44991083333335,186.2599925,169.87379706666667,162.21123385833334
1970-12-01,187.63876,167.56643416666665,187.3241347222222,170.06222473333335,162.83293327500002
1971-01-01,203.00821,171.11279083333332,188.54704694444445,170.4484529,163.6485704416667
1971-02-01,224.83267,177.0194325,190.19300111111113,171.27514689999998,164.64830619166668
1971-03-01,230.11345,182.97333583333332,191.471825,172.23905206666666,165.59837569166666
1971-04-01,242.55768,188.31289999999998,192.49343305555556,173.50502323333333,166.60022805833333
1971-05-01,250.89629,193.9736275,193.51291388888887,175.16478006666665,167.68948794166667
1971-06-01,221.84775,196.62464999999997,194.04992416666664,176.78716373333333,168.67569202500002
1971-07-01,185.05516,196.6562366666667,194.05543972222225,178.23860939999997,169.40004256666668
1971-08-01,164.39273,197.5950083333333,193.22924916666665,179.60489956666666,169.86316398333335
1971-09-01,163.84322,199.25748083333335,192.47418555555555,181.04629723333335,170.25457615
1971-10-01,190.73454,202.48389666666665,192.56912472222223,182.77680866666665,170.74122773333335
1971-11-01,199.74263,205.38859083333332,192.93929916666667,184.50146683333332,171.1561934
1971-12-01,199.2217,206.35383583333336,192.97695805555554,185.86865916666665,171.51711265
1972-01-01,200.86397,206.17514916666667,192.41649944444444,186.74262133333335,171.84174456666668
1972-02-01,189.45247,203.22679916666667,190.71415000000002,187.36161633333333,171.89684415
1972-03-01,170.11232,198.226705,188.12325611111112,187.646358,171.5835864
1972-04-01,185.57776,193.47837833333335,185.875005,188.07217433333335,171.2976479
1972-05-01,184.31938,187.9303025,184.34116555555553,188.2533465,170.9823274
1972-06-01,156.22604,182.46182666666667,182.34733083333333,187.51429133333332,170.57899690000002
1972-07-01,124.15861,177.3871141666667,180.0101922222222,186.20551183333333,170.1314299
1972-08-01,105.79108,172.50364333333334,178.2483761111111,185.26476300000002,169.8299942333333
1972-09-01,99.48143,167.14016083333334,177.09744305555557,184.47768916666666,169.6675549
1972-10-01,121.990326,161.41147633333335,176.34308155555559,184.09130259999998,169.69967300000002
1972-11-01,147.76338,157.07987216666666,175.97279127777776,184.24968810000001,169.96346783333334
1972-12-01,176.30511,155.17015633333335,176.36347544444445,184.69927926666665,170.53052491666668
1973-01-01,208.1328,155.77589216666667,177.68794405555556,185.51843643333333,171.38073974999998
1973-02-01,209.15794,157.41801466666666,179.22141544444446,186.24476343333333,172.22006008333335
1973-03-01,219.93938,161.5702696666667,180.92343683333334,186.8424899333333,173.02996558333334
1973-04-01,235.62508,165.74087966666667,182.51071933333333,187.33991143333336,173.66155333333333
1973-05-01,222.96086,168.961003,183.62164433333334,187.48600943333335,174.15964466666668
1973-06-01,192.83688,172.01190633333331,183.699461,187.3247011,174.3133845
1973-07-01,172.75761,176.061823,183.36839127777776,187.12305126666666,174.401019
1973-08-01,157.06569,180.33470716666667,183.47778627777777,186.50521960000003,174.58236408333332
1973-09-01,156.81123,185.1121905,183.83661072222222,185.9349816,174.81602633333333
1973-10-01,156.00145,187.94645083333333,183.9472746111111,185.4130602666667,175.05070891666668
1973-11-01,158.34808,188.82850916666666,183.76565738888888,184.94525576666666,175.1888316666667
1973-12-01,172.28395,188.4934125,183.3391348888889,184.51888860000003,175.33828233333332
1974-01-01,183.5406,186.44406249999997,182.79836794444444,183.8938906,175.605384
1974-02-01,185.25847,184.45244,181.6990846111111,182.80258093333333,175.93082791666666
1974-03-01,179.80286,181.10772999999998,180.30156822222224,181.40955359999998,176.1472745
1974-04-01,188.15004,177.15147666666667,178.79024488888888,180.10347426666667,176.22633841666666
1974-05-01,175.00688,173.15531166666665,176.68220572222222,179.0279622666667,176.0168935
1974-06-01,142.1725,168.93328,174.46900433333334,177.59743576666668,175.30724583333333
1974-07-01,113.28613,163.97732333333335,172.47542016666665,176.0139446,174.49650358333335
1974-08-01,90.36685,158.41908666666666,170.41914572222223,174.69978443333332,173.87321291666666
1974-09-01,73.66808,151.49049083333335,167.91428072222223,173.5790021,173.30780733333333
1974-10-01,79.76562,145.137505,164.83181072222223,172.4226401,172.90334025
1974-11-01,96.86854,140.01421,161.97419711111112,171.3522186,172.6132276666667
1974-12-01,106.44471,134.52760666666666,159.3970585,170.42228909999997,172.11148158333336
1975-01-01,112.65744,128.62067666666667,156.94687711111112,169.62571426666668,171.42338766666666
1975-02-01,115.28176,122.78928416666666,154.8865796111111,168.98119409999998,170.7604804166667
1975-03-01,135.69925,119.11398333333334,153.93066100000001,168.59840476666665,170.32568391666666
1975-04-01,157.37907,116.54973583333333,153.14736405555558,168.2466741,170.06466308333333
1975-05-01,172.05821,116.30401333333333,152.806776,168.0648516,169.8303785
1975-06-01,192.20859,120.47368750000003,153.80629127777777,168.1010701,169.78348975
1975-07-01,181.2582,126.13802666666668,155.392391,168.04410476666666,169.792045
1975-08-01,145.9788,130.77235583333334,156.50871655555557,167.9249602666667,169.529458
1975-09-01,125.01222,135.05103416666665,157.21790516666667,167.61027143333334,169.03003733333335
1975-10-01,129.3842,139.18591583333333,157.42329055555555,167.23304893333335,168.60596225000003
1975-11-01,147.35722,143.39330583333336,157.41200833333335,166.9408976,168.40734733333332
1975-12-01,159.55885,147.81948416666668,156.94683444444445,166.4728991,168.26756191666666
1976-01-01,161.38918,151.88046250000002,155.64840055555555,165.7792486,168.11385074999998
1976-02-01,168.53023,156.317835,154.51985305555553,164.8408746,168.05801075
1976-03-01,182.24855,160.19694333333334,153.47288555555554,164.04312626666666,168.14108916666666
1976-04-01,195.68864,163.3894075,152.36354,163.2619756,168.38349941666667
1976-05-01,190.08542,164.891675,151.45033333333333,162.2484611,168.70662058333335
1976-06-01,161.79164,162.35692916666667,150.58796555555557,161.24752593333335,169.01734483333334
1976-07-01,146.20554,159.43587416666665,149.85040805555556,160.6000322666667,169.41932083333333
1976-08-01,132.36284,158.30121083333333,149.16421777777776,160.06620076666664,169.83555016666665
1976-09-01,120.19946,157.9001475,148.14722416666666,159.33880476666667,170.192551
1976-10-01,113.000046,156.53480133333332,146.95274072222222,158.04322986666668,170.41001926666667
1976-11-01,109.75008,153.400873,145.6027962777778,156.54335403333334,170.52241043333333
1976-12-01,104.25852,148.79251216666668,143.713201,154.96063436666665,170.41464676666666
1977-01-01,104.85377,144.08122799999998,141.52745572222224,153.36046436666666,170.05154284999998
1977-02-01,103.46494,138.6591205,139.25541322222224,151.92733886666664,169.6444776
1977-03-01,114.062454,132.97694583333333,137.4292908333333,150.99317443333334,169.31976621666666
1977-04-01,120.84535,126.740005,135.5597161111111,149.91430093333332,168.9932376333333
1977-05-01,140.54451,122.61159583333334,134.60242805555558,149.18471976666666,168.7190331333333
1977-06-01,141.43893,120.91553666666665,134.5820511111111,148.93826793333335,168.22627963333335
1977-07-01,133.12607,119.82558083333333,135.13316055555555,149.0877256,167.64661871666667
1977-08-01,135.15475,120.05824,136.37726888888886,149.57712009999997,167.42094154999998
1977-09-01,132.65839,121.09648416666666,138.0158886111111,150.13006943333332,167.3038793
1977-10-01,127.347115,122.29207325,139.33759680555556,150.21934925000002,167.155325925
1977-11-01,117.54948,122.94202324999999,139.9120673611111,149.71578425,166.98273617499999
1977-12-01,113.82986,123.73963491666666,140.11721041666667,148.6745300833333,166.686904675
1978-01-01,131.77869,125.98337825,140.64835625,147.4019615833333,166.46019900833332
1978-02-01,160.56589,130.74179074999998,141.90624875,146.59209408333334,166.41842875833333
1978-03-01,193.95447,137.39945875,143.52444930555555,146.15901225000002,166.50075109166667
1978-04-01,225.41115,146.11327541666665,145.41422930555552,145.98878008333332,166.66434575833333
1978-05-01,228.29286,153.42563791666666,146.97630291666667,146.07764674999999,166.78182809166665
1978-06-01,192.6656,157.69452708333333,146.98899763888892,146.0747920833333,166.69974659166667
1978-07-01,150.26079,159.12242041666667,146.12795847222222,145.69984508333334,166.41144817499998
1978-08-01,133.84474,159.0132529166667,145.79090125000002,145.31282925,165.909024425
1978-09-01,137.20213,159.39189791666666,146.1295098611111,144.98601091666666,165.46049625833336
1978-10-01,131.26357,159.71826916666666,146.18171458333333,144.5737129166667,164.99338659166668
1978-11-01,140.36243,161.61934833333333,145.98741486111112,144.27395208333334,164.609603925
1978-12-01,159.14989,165.3960175,145.9760548611111,144.05505108333332,164.28696984166666
1979-01-01,166.17227,168.26214916666666,146.1089184722222,143.76557891666664,163.82973475833336
1979-02-01,168.17732,168.896435,146.09911541666668,143.48089308333334,163.14173700833334
1979-03-01,176.48868,167.4409525,145.9391190277778,143.42565675000003,162.417605175
1979-04-01,178.76385,163.5536775,145.4689859722222,143.26922025000002,161.6863472583333
1979-05-01,174.0208,159.03100583333332,145.02274652777777,143.25278558333332,161.140373925
1979-06-01,153.41191,155.759865,144.78997625,143.44010908333334,160.51877242499998
1979-07-01,126.62703,153.790385,144.24612875,143.66245741666668,159.83820100833333
1979-08-01,108.35008,151.66583,143.5791076388889,143.96217791666666,159.330981175
1979-09-01,89.3009,147.67406083333333,142.72081430555556,144.22272491666666,158.90086350833334
1979-10-01,93.859085,144.55702041666666,142.18912094444445,144.457616,158.44012805000003
1979-11-01,102.7761,141.42482625,141.99539927777778,144.55607533333335,157.95414696666666
1979-12-01,99.91119,136.48826791666667,141.87464011111112,144.44718333333333,157.43473621666666
1980-01-01,132.74638,133.70277708333333,142.64943483333332,144.78199899999998,157.20385663333334
1980-02-01,173.02745,134.10695458333333,144.5817267777778,145.74442716666667,157.36281063333337
1980-03-01,204.23898,136.41947958333333,147.08663027777777,146.886756,157.74258038333335
1980-04-01,220.5236,139.89945875,149.85547055555557,147.93916483333334,158.09291946666664
1980-05-01,225.63594,144.20072041666666,152.21912138888888,148.832127,158.4484893
1980-06-01,208.4948,148.79096125,154.08178444444445,149.10356383333334,158.60231696666668
1980-07-01,169.10306,152.33063041666665,155.08114527777778,148.90097816666668,158.47254146666668
1980-08-01,138.45096,154.83903708333332,155.17270666666667,148.77551416666665,158.35023721666667
1980-09-01,120.69753,157.45542291666666,154.84046055555555,148.70360266666665,158.15693705
1980-10-01,123.80391,159.950825,154.74203819444446,148.61059783333334,157.92182338333333
1980-11-01,139.21451,162.98735916666666,155.34384458333332,148.474886,157.70789180000003
1980-12-01,144.35869,166.6913175,156.19186763888888,148.22155000000004,157.34722455
1981-01-01,142.09158,167.47008416666668,156.47833680555556,147.89992333333333,156.83958596666665
1981-02-01,135.65346,164.355585,155.7863248611111,147.35197716666667,156.09642588333332
1981-03-01,144.61154,159.38663166666666,154.41568791666668,146.72469366666667,155.38390996666666
1981-04-01,154.67252,153.89904166666665,152.45072597222222,146.04109166666666,154.65153363333332
1981-05-01,169.90953,149.25517416666668,150.82896680555555,145.70482683333333,153.97664396666667
1981-06-01,167.28432,145.8209675,150.12393125,145.7963715,153.52194871666663
1981-07-01,142.21118,143.5799775,149.90033097222224,145.72979883333335,153.16491555
1981-08-01,116.420975,141.74414541666667,149.4163375,145.46410108333333,152.765150925
1981-09-01,109.00496,140.76976458333334,148.63308277777776,145.27752608333333,152.308165425
1981-10-01,140.51689,142.16251291666666,148.89011944444442,145.73614015,151.88968500833332
1981-11-01,165.22783,144.33028958333333,149.580825,146.66076931666666,151.602061675
1981-12-01,170.44003,146.50373458333334,149.89444,147.76379448333333,151.362214425
1982-01-01,181.7885,149.81181125,150.32822416666667,149.04603998333334,151.20325217500002
1982-02-01,178.18121,153.35579041666668,150.60611000000003,150.29131115,151.10932500833334
1982-03-01,178.04933,156.14227291666666,150.64946138888888,151.35775908333332,151.17546675833333
1982-04-01,181.8041,158.40323791666665,150.73391277777776,152.37373825,151.14401959166668
1982-05-01,186.98393,159.82610458333332,151.09399972222224,153.14772858333336,151.166224175
1982-06-01,170.64487,160.10615041666665,151.57269305555553,153.63449425,151.28638109166664
1982-07-01,155.30975,161.19769791666667,152.3694352777778,154.00422225,151.545973925
1982-08-01,138.45045,163.0334875,153.20555666666667,154.05915058333332,151.81813534166668
1982-09-01,170.45793,168.15456833333334,155.4599186111111,154.68914291666667,152.40960617500002
1982-10-01,218.53075,174.65572333333333,158.92302041666665,156.20887016666666,153.2141097083333
1982-11-01,221.3846,179.33545416666666,162.21770097222222,157.93945549999998,153.82761987499998
1982-12-01,227.38937,184.08123250000003,165.75876152777778,159.832114,154.25332204166668
1983-01-01,257.71634,190.4085525,169.23014930555556,161.93107483333333,154.66651820833334
1983-02-01,297.05548,200.3147416666667,172.6753723611111,164.20590133333334,155.39899770833333
1983-03-01,330.95554,213.05692583333334,176.19527680555555,166.4892525,156.324132375
1983-04-01,346.0957,226.7478925,179.68339069444445,168.50066166666667,157.24472087499998
1983-05-01,342.50317,239.70782916666667,182.9297026388889,170.40416683333336,158.24090679166665
1983-06-01,314.5481,251.69976499999999,185.8756276388889,172.43554183333336,159.25516695833332
1983-07-01,279.03543,262.01023833333335,188.92930458333333,174.58178583333336,160.14081545833332
1983-08-01,270.7331,273.0337925,192.60380847222223,176.8632585,161.088043875
1983-09-01,263.8094,280.8130816666667,196.57913819444445,178.97337966666666,161.97969529166667
1983-10-01,251.60872,283.56957916666664,200.12927180555553,180.97913216666666,162.77642254166665
1983-11-01,273.15,287.88336250000003,203.84970208333334,183.19225833333334,163.7331052083333
1983-12-01,332.31964,296.62755166666665,209.07083958333334,186.07842083333333,165.06673595833337
1984-01-01,358.6461,305.038365,215.08624291666666,189.286318,166.52594845833335
1984-02-01,348.13455,309.2949541666666,220.98849541666667,192.28560516666667,167.883249125
1984-03-01,345.07117,310.47125666666665,226.5568184722222,195.0953133333333,169.26048504166667
1984-04-01,358.8386,311.533165,232.22809847222223,198.09655916666668,170.68288970833333
1984-05-01,347.76105,311.97132166666665,237.16841847222224,200.99222999999998,172.12250779166666
1984-06-01,314.85904,311.9972333333333,241.26771625000003,203.68301549999998,173.56156229166666
1984-07-01,285.9126,312.57033083333334,245.25942236111112,206.337775,175.0001162083333
1984-08-01,260.48032,311.71593249999995,249.26107083333332,208.873279,176.41772845833333
1984-09-01,240.78178,309.79696416666667,252.92153805555552,211.39796033333334,177.810342625
1984-10-01,250.76575,309.7267166666667,255.9840063888889,214.01307141666666,179.23534370833332
1984-11-01,271.66785,309.60320416666667,258.94067361111115,216.82793391666664,180.692004625
1984-12-01,276.2147,304.9277925,261.87885888888894,219.76632575,182.10675454166667
1985-01-01,276.0645,298.04599249999995,264.49763666666666,222.15496108333335,183.46848004166665
1985-02-01,274.55057,291.91399416666667,267.1745633333333,223.84701308333334,184.795720125
1985-03-01,281.92374,286.6517083333333,270.05996361111113,225.14175908333334,186.01425754166667
1985-04-01,268.196,279.0981583333333,272.4597386111111,225.93629908333332,186.93773195833333
1985-05-01,258.274,271.64090416666664,274.44001833333334,226.48026675,187.656196875
1985-06-01,240.09593,265.410645,276.3692144444444,227.00695224999998,188.05525804166666
1985-07-01,217.8354,259.737545,278.10603805555553,227.81915791666668,188.36006804166666
1985-08-01,181.46948,253.15330833333334,279.3010111111111,228.53613325,188.65582370833332
1985-09-01,176.79797,247.82132416666664,279.47712333333334,229.47114058333332,189.08737162499997
1985-10-01,189.20602,242.69134666666665,278.6625475,230.56117575,189.58588679166667
1985-11-01,209.43352,237.5051525,278.33057305555553,231.73149258333333,190.10318929166667
1985-12-01,234.73482,234.04849583333336,278.53461333333337,233.23776141666664,190.72965570833333
1986-01-01,244.61989,231.4281116666667,278.17082305555556,234.94656658333332,191.42324495833333
1986-02-01,259.00436,230.13259416666665,277.1138475,237.00241491666665,192.17719604166666
1986-03-01,293.85095,231.12652833333334,276.08316444444444,239.48973841666665,193.10721604166665
1986-04-01,334.8716,236.68282833333333,275.77138388888886,242.49305641666666,194.26707404166666
1986-05-01,347.84766,244.14729999999997,275.91984194444444,245.45869191666668,195.581759375
1986-06-01,302.15732,249.3190825,275.5756536111111,247.70657525,196.751473375
1986-07-01,255.22702,252.43505083333332,274.91430888888885,249.59017258333333,197.65998570833332
1986-08-01,228.12012,256.3226041666667,273.730615,251.451825,198.45796304166666
1986-09-01,225.79391,260.40559916666666,272.67462916666665,253.39830750000002,199.3379167916667
1986-10-01,228.55127,263.68437,272.03414444444445,254.86554716666666,200.30084365833332
1986-11-01,223.19824,264.83143,270.6465955555556,255.83172066666666,201.24624499166669
1986-12-01,209.45801,262.7250291666667,267.2337725,256.4820203333333,202.12290740833333
1987-01-01,214.09624,260.1813916666667,263.2184986111111,257.0204826666666,203.03326132499998
1987-02-01,228.66866,257.65341666666666,259.90000166666664,257.86194016666667,204.0766256583333
1987-03-01,242.21495,253.35041666666666,257.0428844444444,258.9313671666667,205.144563125
1987-04-01,233.71275,244.9205125,253.5671663888889,259.79651133333334,206.08512479166666
1987-05-01,224.33072,234.6274341666667,250.13854611111108,260.4189578333333,206.78334320833335
1987-06-01,200.62386,226.1663125,246.96534666666665,260.9186076666667,207.27655095833333
1987-07-01,177.7365,219.70876916666668,243.96045500000002,261.29238683333335,207.64830454166665
1987-08-01,170.1064,214.87429250000002,241.45006833333335,261.81998600000003,207.93956829166666
1987-09-01,154.63068,208.94402333333335,239.05698222222222,261.5561985,208.12267070833332
1987-10-01,152.2403,202.5847758333333,236.32016416666667,260.45135766666664,208.33011391666665
1987-11-01,173.85022,198.47244083333337,233.6030077777778,259.659118,208.79928675000002
1987-12-01,191.32469,196.96133083333334,231.24495194444444,259.05804,209.445077
1988-01-01,201.71155,195.92927333333333,229.1795922222222,258.1246268333333,210.02785083333336
1988-02-01,198.88148,193.44700833333334,227.07767305555555,256.4883935,210.34714741666667
1988-03-01,200.7587,189.99232083333334,224.8230886111111,254.31844616666666,210.4038493333333
1988-04-01,204.28102,187.53967666666665,223.04767249999998,251.95486816666667,210.22776491666667
1988-05-01,207.07033,186.10131083333332,221.62534833333336,249.69765416666667,210.05091050000001
1988-06-01,183.56615,184.679835,220.05507666666665,247.51462166666664,209.97508175
1988-07-01,144.46124,181.90689666666665,218.01690555555555,245.2717185,209.92675216666666
1988-08-01,127.94311,178.39328916666668,216.53006194444444,242.89188533333333,209.87757191666665
1988-09-01,126.7564,176.0704325,215.14001833333336,240.60766866666665,209.79052416666664
1988-10-01,124.90326,173.79234583333334,213.35383055555556,238.49591099999998,209.73752158333335
1988-11-01,137.48488,170.76190083333336,211.35525722222224,236.23482566666664,209.71354200000002
1988-12-01,161.06,168.2398433333333,209.30873444444444,233.38049833333335,209.72945958333332
1989-01-01,169.78694,165.57945916666668,207.2300413888889,230.2328456666667,209.75958183333333
1989-02-01,179.76044,163.98603916666664,205.0288213888889,227.4266105,209.8561078333333
1989-03-01,197.42712,163.7084075,202.35038166666666,224.96587633333334,210.03059483333334
1989-04-01,193.79788,162.8348125,198.43166722222225,222.21519766666668,210.1558784166667
1989-05-01,185.33815,161.0237975,193.91751416666668,219.50814933333334,210.25018966666667
1989-06-01,171.30965,160.0024225,190.28285666666665,217.11565950000002,210.3993375
1989-07-01,146.75653,160.19369666666668,187.2697875,214.79639166666666,210.56708333333333
1989-08-01,128.0445,160.20214583333333,184.48990916666668,212.58912800000002,210.7312035
1989-09-01,125.316284,160.0821361666667,181.698864,210.66470306666668,211.03133169999998
1989-10-01,134.62556,160.89232783333333,179.08981649999998,208.72903323333333,211.371052325
1989-11-01,142.0843,161.27561283333333,176.8366515,206.5693074,211.69862065833334
1989-12-01,137.93254,159.34832450000002,174.8498328888889,204.26460473333333,212.01546524166667
1990-01-01,141.56828,156.9967695,172.83516733333332,202.0230010666667,212.088981075
1990-02-01,155.90218,155.00858116666666,170.8138762222222,200.0455279,211.94627049166667
1990-03-01,170.61949,152.77461200000002,168.82511344444444,198.19045706666668,211.666108075
1990-04-01,182.89818,151.86630366666665,167.41359761111113,196.76882673333333,211.35256290833334
1990-05-01,183.08626,151.67864616666665,166.26791816666668,195.5156977333333,210.99798224166668
1990-06-01,172.68657,151.79338950000002,165.49188233333334,194.39220840000002,210.699580325
1990-07-01,147.1587,151.82690366666665,164.642499,193.21426340000002,210.51671065833332
1990-08-01,122.710815,151.38242991666667,163.32595497222223,192.23495231666666,210.38554278333334
1990-09-01,107.928535,149.93345083333332,162.02867316666666,191.0871284,210.27913449166667
1990-10-01,111.5539,148.01081250000001,160.8984953888889,189.7929264,210.17705107499998
1990-11-01,129.77289,146.98486166666666,159.67412511111112,188.46524923333334,210.09837090833332
1990-12-01,142.51653,147.36686083333333,158.31834288888888,186.92827773333335,210.083019575
1991-01-01,148.55048,147.94871083333334,156.8416465,185.3271209,210.13684374166667
1991-02-01,151.89114,147.6144575,155.53635927777776,183.54190056666667,210.2721577416667
1991-03-01,164.38046,147.09453833333333,154.52585261111113,181.38405906666668,210.43689874166665
1991-04-01,187.32979,147.46383916666667,154.0549851111111,178.9250289,210.70904265833335
1991-05-01,211.70464,149.84870416666666,154.18371594444443,176.65597856666668,211.0573352416667
1991-06-01,209.6417,152.92829833333332,154.90803677777777,175.11405156666666,211.41031340833334
1991-07-01,175.85205,155.31941083333334,155.7800037222222,173.79113539999997,211.69065399166666
1991-08-01,159.02641,158.34571041666666,156.6434287222222,172.63957356666666,212.04569928333333
1991-09-01,165.3464,163.1305325,157.71537316666667,171.63211506666667,212.51521128333334
1991-10-01,184.30551,169.19316666666666,159.36543566666666,170.89468573333335,212.88011645
1991-11-01,211.21605,175.98009666666667,161.41352372222224,170.69498256666665,213.26335161666668
1991-12-01,222.51869,182.64694333333333,163.12070955555558,170.91266056666666,213.69734044999998
1992-01-01,219.51712,188.56083,164.50210344444443,171.0030085666667,214.01174561666667
1992-02-01,231.23962,195.1732033333333,165.93208066666668,171.0458579,214.45389903333333
1992-03-01,241.78143,201.62328416666665,167.16414483333335,171.03863256666668,214.98499986666667
1992-04-01,222.57112,204.56006166666668,167.9634015,170.85293873333333,215.32472503333332
1992-05-01,205.65506,204.05593,168.5277601111111,170.54167773333333,215.48031778333333
1992-06-01,183.21165,201.85342583333332,168.85837122222222,170.25147423333334,215.58504095
1992-07-01,167.10637,201.12461916666666,169.42364455555557,170.07430540000001,215.68334611666666
1992-08-01,147.75035,200.18494750000002,169.97102927777777,169.70170456666668,215.76084528333334
1992-09-01,132.1652,197.41984749999997,170.16127694444447,169.3272799,215.4417392
1992-10-01,141.31274,193.83711666666667,170.34703194444444,169.1451539,214.79825578333336
1992-11-01,164.34381,189.9310966666667,170.96535166666666,168.98671373333335,214.32291586666668
1992-12-01,192.53026,187.43206083333337,172.481955,169.00680656666665,214.03242328333332
1993-01-01,237.68425,188.9459883333333,175.15184305555556,169.60635156666666,213.8654892
1993-02-01,278.5705,192.8902283333333,178.5592963888889,170.93450190000001,213.7114477
1993-03-01,297.45175,197.52942166666665,182.0824147222222,172.54605273333334,213.43224945
1993-04-01,289.91382,203.1413133333333,185.0550713888889,173.97326606666667,212.96406711666668
1993-05-01,279.8653,209.3255,187.74337805555555,175.18651556666666,212.44208486666668
1993-06-01,270.9846,216.6399125,190.47387888888886,176.64348973333335,212.0790557
1993-07-01,245.42717,223.16664583333332,193.20355861111113,178.32625523333334,211.7989868666667
1993-08-01,206.23157,228.0400808333333,195.52357958333334,179.6310629,211.26147411666668
1993-09-01,176.69958,231.75127916666665,197.43388638888888,180.46344923333334,210.53555895000002
1993-10-01,183.56204,235.27205416666666,199.43411249999997,181.4410955666667,209.96850328333332
1993-11-01,193.58968,237.70920999999998,201.20680111111108,182.37617556666666,209.30550061666665
1993-12-01,193.53644,237.7930583333333,202.6240208333333,182.91744956666665,208.14897394999997
1994-01-01,193.95465,234.148925,203.88524777777778,183.3202447333333,206.7765452
1994-02-01,212.46703,228.6403025,205.5679113888889,183.86535456666667,205.64598253333332
1994-03-01,241.30482,223.96139166666669,207.70469916666667,184.59664956666666,204.78126294999998
1994-04-01,262.8226,221.70379,209.80172166666665,185.74706156666664,203.98112961666666
1994-05-01,264.86935,220.4541275,211.27851916666665,187.07258156666666,203.29036545
1994-06-01,225.77092,216.68632083333333,211.72655305555554,187.9802694,202.54796445
1994-07-01,180.66853,211.2897675,211.86034416666666,188.5454694,201.67093053333332
1994-08-01,159.4606,207.39218666666667,211.872405,189.06907106666668,200.82909953333333
1994-09-01,153.77135,205.48150083333334,211.55087583333332,189.54332216666666,200.10401261666667
1994-10-01,166.56828,204.06535416666668,211.058175,190.07570083333334,199.40236703333332
1994-11-01,208.94307,205.34480333333332,210.99503666666664,191.1900136666667,198.87966053333332
1994-12-01,242.6385,209.43664166666667,211.55392027777776,192.935113,198.59985886666666
1995-01-01,267.54196,215.5689175,212.88794361111113,195.03467433333333,198.5288377
1995-02-01,286.10052,221.7050416666667,214.4118575,197.20464666666666,198.62508728333333
1995-03-01,311.18484,227.52837666666665,216.33973,199.54740249999998,198.86892978333336
1995-04-01,345.02567,234.37863249999998,219.74124527777778,202.24952733333336,199.50917703333334
1995-05-01,380.94058,244.051235,224.61028750000003,205.54709933333334,200.53139853333332
1995-06-01,393.96915,258.0677541666667,230.46466249999997,209.23514233333333,201.81367536666667
1995-07-01,346.189,271.8611266666667,235.43918,212.552314,202.88328869999998
1995-08-01,289.89566,282.73071500000003,239.38766083333334,215.33872808333336,203.7868402
1995-09-01,249.74474,290.7284975,242.65375916666667,217.7023315,204.39472995
1995-10-01,221.84525,295.33491166666664,244.89077333333333,219.54052066666665,204.66672353333334
1995-11-01,209.35999,295.369655,246.14122277777778,220.86697233333334,204.66611078333332
1995-12-01,215.8512,293.13738,246.78902666666667,222.08921683333332,204.50874728333332
1996-01-01,235.81563,290.49351916666666,246.73712055555558,223.543636,204.43537845
1996-02-01,259.77722,288.29991083333334,246.21508500000002,225.34173733333333,204.44181895000003
1996-03-01,282.2627,285.88973250000004,245.79316694444444,227.3064413333333,204.3452502
1996-04-01,287.32532,281.08137000000005,245.72126416666666,228.97303349999999,203.94903119999998
1996-05-01,286.6096,273.22045499999996,245.9086058333333,230.22144949999998,203.43871403333333
1996-06-01,246.48409,260.9300333333333,245.22803611111112,230.83548933333336,202.97477045000002
1996-07-01,206.25124,249.26855333333333,244.13981583333336,231.34214250000002,202.56663895
1996-08-01,166.86131,239.01569083333334,243.04619750000003,231.47272416666667,202.05614886666666
1996-09-01,152.48222,230.9104808333333,242.37349305555557,231.25832116666666,201.44521811666667
1996-10-01,158.34552,225.61883666666665,241.67303416666664,230.82565466666665,200.8601702
1996-11-01,188.12488,223.8492441666667,241.5212341666667,230.44080183333335,200.56789220000002
1996-12-01,230.65001,225.08247833333334,242.5521666666667,230.57632383333333,200.7444922
1997-01-01,279.5558,228.7274925,244.92997638888892,231.5769685,201.28998853333331
1997-02-01,316.30585,233.43821166666666,247.81438805555555,232.99473900000004,202.02029845
1997-03-01,309.23935,235.68626583333332,249.70145833333333,234.11903766666669,202.57883511666665
1997-04-01,303.15555,237.00545166666666,250.82181805555558,235.4621115,203.15752511666668
1997-05-01,294.44324,237.65825500000003,251.643315,236.94191450000002,203.74179611666665
1997-06-01,287.29434,241.05910916666667,253.35229888888887,238.676626,204.46405011666667
1997-07-01,261.9727,245.70256416666666,255.61074805555552,240.25773149999998,205.16601845000002
1997-08-01,222.49895,250.33903416666666,257.3618133333333,241.5035415,205.60262303333332
1997-09-01,209.90572,255.1243258333333,258.92110138888887,242.79921683333333,206.0632483666667
1997-10-01,211.65303,259.56661833333334,260.1734555555556,243.97155500000002,206.55835445
1997-11-01,219.8375,262.2093366666666,260.4760786111111,244.89644983333335,206.94158178333333
1997-12-01,231.64998,262.2926675,260.1708419444445,245.54844516666668,207.27762586666665
1998-01-01,250.42677,259.86524833333334,259.69542,245.76082050000002,207.68358603333334
1998-02-01,302.10727,258.6820333333333,260.14005194444445,246.15310000000002,208.54380095
1998-03-01,351.48148,262.2022108333333,261.25940305555554,247.0535955,209.79982411666666
1998-04-01,364.26584,267.294735,261.7938522222222,248.29279583333334,211.13303094999998
1998-05-01,352.5876,272.14009833333336,261.00626944444446,249.50483416666665,212.34567486666666
1998-06-01,347.30844,277.14127333333334,259.71013861111106,250.77689816666668,213.71019395
1998-07-01,327.341,282.5886316666667,259.1865830555555,252.14212866666668,215.23419195
1998-08-01,277.42923,287.166155,258.8402933333333,253.32875633333333,216.47990961666667
1998-09-01,243.73549,289.9853025,258.6733697222222,254.4460215,217.45473536666668
1998-10-01,249.17354,293.11201166666666,259.4324888888889,255.5395465,218.49032103333332
1998-11-01,259.06644,296.38109000000003,260.81322361111114,256.63082583333335,219.5035007
1998-12-01,253.02197,298.1620891666667,261.845745,257.62225133333334,220.26985045
1999-01-01,260.26144,298.981645,262.5247952777778,258.7273645,221.02380461666664
1999-02-01,268.30786,296.1650275,262.7617575,259.65804499999996,221.76169978333334
1999-03-01,256.35117,288.2375016666667,262.04199277777775,259.9088175,222.25273353333336
1999-04-01,273.72546,280.69247,261.6642188888889,260.09053183333333,222.91879669999997
1999-05-01,293.1413,275.73861166666666,261.845655,260.561731,223.8171562833333
1999-06-01,274.37427,269.6607641666667,262.6203822222222,261.3717868333334,224.67602811666666
1999-07-01,232.88943,261.78979999999996,263.3603319444444,262.2421351666666,225.39380228333337
1999-08-01,196.25041,255.02489833333334,264.1766958333333,262.85529866666667,225.96218486666666
1999-09-01,169.88417,248.8706216666667,264.6600833333333,263.1238456666667,226.33358391666667
1999-10-01,146.09544,240.28077999999996,264.31980333333337,262.7826316666667,226.42916625
1999-11-01,133.81964,229.8435466666667,262.81132444444444,261.5305745,226.36029408333332
1999-12-01,133.83002,219.91088416666665,260.1218802777778,259.71709983333335,226.32610641666668
2000-01-01,152.46613,210.9279416666667,256.59161166666667,257.79916933333334,226.41692183333333
2000-02-01,201.13374,205.33009833333332,253.39238638888887,256.38305633333334,226.79385150000002
2000-03-01,236.65668,203.68889083333332,251.37620111111107,255.14092033333333,227.34416141666668
2000-04-01,230.14284,200.0570058333333,249.34807027777777,253.2262065,227.73786691666663
2000-05-01,221.1286,194.0559475,247.31155249999998,250.56267350000002,228.05488641666665
2000-06-01,192.72554,187.25188666666665,244.6846413888889,247.20861333333332,228.22187783333337
2000-07-01,149.64563,180.31490333333332,241.56444500000003,243.9328905,228.24260225
2000-08-01,136.24132,175.31414583333333,239.1683997222222,241.37198483333333,228.35535645833335
2000-09-01,139.71736,172.80024500000002,237.21872305555559,239.53819516666667,228.62026333333333
2000-10-01,159.37843,173.90716083333334,235.76665083333333,238.49708150000004,229.01880108333336
2000-11-01,172.86523,177.16096000000002,234.46186555555556,237.8888355,229.37790391666667
2000-12-01,170.26022,180.19681,232.75659444444443,237.12898583333336,229.60910133333334
2001-01-01,180.13664,182.50268583333335,230.80409083333336,236.20100266666668,229.87231933333337
2001-02-01,190.23817,181.5947216666667,227.69661583333334,235.04201849999998,230.19187791666667
2001-03-01,193.44765,177.9939691666667,223.3067872222222,233.56176766666667,230.43410450000002
2001-04-01,199.62787,175.451055,218.73351027777778,232.1001435,230.5365885
2001-05-01,178.85614,171.92835000000002,213.90763638888887,230.30425250000002,230.26285099999998
2001-06-01,145.8122,168.018905,208.31051861111112,228.62638766666666,229.7309385
2001-07-01,124.03438,165.88463416666667,202.6631125,227.25610666666665,229.29912458333334
2001-08-01,109.8465,163.68506583333334,198.00803666666667,226.30585983333333,228.88929199999998
2001-09-01,93.921265,159.86872458333335,193.84653041666667,225.32984391666665,228.29408254166668
2001-10-01,89.24731,154.02446458333335,189.4041351388889,224.17820708333335,227.50193087500003
2001-11-01,110.87982,148.85901375,185.28784013888887,222.89078941666668,226.665795625
2001-12-01,137.18771,146.10297125,182.07022180555555,221.33308441666668,225.954704125
2002-01-01,142.20857,142.94229875,178.79097541666664,219.04396391666666,225.31046620833334
2002-02-01,136.66832,138.47814458333335,175.1343215277778,216.05000508333333,224.52237204166667
2002-03-01,139.74413,134.00285125,171.89523708333334,213.22508474999998,223.67206120833333
2002-04-01,152.24887,130.05460125,168.5208873611111,210.70997341666668,223.08604245833334
2002-05-01,152.57297,127.86433708333334,164.61621152777778,208.34546891666665,222.64369170833334
2002-06-01,127.011894,126.29764491666667,160.52281219444444,205.67409481666667,222.17536040833332
2002-07-01,103.4788,124.58467991666667,156.9280724722222,203.03252981666668,221.64513065833336
2002-08-01,81.080086,122.18747875000001,153.72889680555556,200.67554875,221.089545125
2002-09-01,79.95152,121.02333333333333,151.2307676388889,198.5096454166667,220.654431125
2002-10-01,87.36572,120.86653416666667,149.59938652777777,196.43819025,220.20487262499998
2002-11-01,99.08651,119.88375833333333,148.63457736111113,194.42567375,219.66106179166667
2002-12-01,108.44452,117.4884925,147.92942458333334,192.37224941666668,218.96034729166666
2003-01-01,110.788574,114.8701595,146.77171469444446,190.04494615000002,217.90288332499998
2003-02-01,117.55472,113.2773595,144.45007525,186.9690703166667,216.56108515833333
2003-03-01,128.30307,112.32393783333335,141.44025275,183.24943015000002,215.151512825
2003-04-01,136.29836,110.99472866666667,138.8334616388889,179.44997215,213.87138399166668
2003-05-01,141.2395,110.05027283333334,136.61431997222223,175.92750381666667,212.71616899166668
2003-06-01,134.1869,110.64819,134.98824663888888,172.37547815000002,211.57618815833337
2003-07-01,109.329834,111.13577616666667,133.86836341666665,168.7419587166667,210.44204369166667
2003-08-01,93.58541,112.1778865,132.6834770277778,165.67789505000002,209.50332569166667
2003-09-01,82.24096,112.36867316666667,131.0869103611111,162.98631955000002,208.716170525
2003-10-01,72.509674,111.13066933333333,128.67388936111112,160.04192178333332,207.7907341416667
2003-11-01,80.94908,109.61921683333334,126.1206629722222,157.07329911666665,206.852062475
2003-12-01,111.531334,109.87645133333335,124.48930502777777,154.71512185,206.16868659166667
2004-01-01,133.68794,111.78473183333331,123.1990633611111,152.60556351666668,205.66646400833332
2004-02-01,173.6225,116.45704683333334,122.73751697222224,151.02747418333334,205.3427595916667
2004-03-01,202.09155,122.60608683333334,122.97762530555558,150.12314718333334,205.01598234166667
2004-04-01,202.94392,128.1598835,123.06973780555556,148.94345485,204.51699334166668
2004-05-01,194.1525,132.56930016666666,123.49463669444445,147.29364151666667,203.92768625833332
2004-06-01,167.20287,135.32063100000002,124.08882197222222,145.50745151666666,203.43961917500002
2004-07-01,143.15352,138.13927149999998,124.61990919444445,144.01185301666666,203.1269940916667
2004-08-01,121.86343,140.49577316666668,124.95371280555557,142.77207001666665,202.8136843416667
2004-09-01,114.72838,143.20305816666666,125.53168822222223,141.85280685,202.48832625833336
2004-10-01,156.33936,150.18886533333333,127.39535627777776,142.02353885,202.40308525833333
2004-11-01,201.1966,160.20949199999998,129.90415572222224,143.14648818333333,202.33853134166665
2004-12-01,205.25069,168.01943833333334,131.79479405555557,144.33683268333334,202.02696625833332
2005-01-01,220.2726,175.23482666666666,133.96323933333335,145.46694051666665,201.633054925
2005-02-01,245.52667,181.2268408333333,136.9870823888889,146.20682268333334,201.29493950833333
2005-03-01,269.756,186.865545,140.5985232222222,146.7584780166667,200.949699175
2005-04-01,284.76285,193.68378916666666,144.2794671111111,147.66881151666666,200.44750900833333
2005-05-01,306.99475,203.08730999999997,148.568961,149.09991401666667,199.83129375833335
2005-06-01,298.546,214.03257083333335,153.33379727777776,150.86358835000001,199.03610084166667
2005-07-01,229.74194,221.24827249999998,156.8411067222222,152.19852684999998,198.06570867500002
2005-08-01,186.16026,226.60634166666668,159.76000044444447,153.03050918333335,197.20124700833333
2005-09-01,155.27316,229.9850733333333,161.85226822222222,153.28977251666666,196.4139838416667
2005-10-01,151.8616,229.61192666666668,163.64382044444446,153.16449201666666,195.83078675833335
2005-11-01,157.42993,225.96470416666668,165.264471,152.90723701666667,195.39803625833335
2005-12-01,162.71959,222.42044583333333,166.77211183333333,152.78155985,194.95527284166667
2006-01-01,190.8418,219.96787916666668,168.99581255555555,152.95997918333333,194.580490925
2006-02-01,209.33847,216.95219583333332,171.54536116666668,153.27831751666665,194.16016800833333
2006-03-01,241.14351,214.56782166666667,174.67981783333335,154.07324851666667,193.81750809166667
2006-04-01,276.71484,213.89715416666664,178.5802756111111,155.35803135,193.72908742500002
2006-05-01,264.0699,210.32008333333337,181.99223116666667,156.77826068333334,193.54125659166667
2006-06-01,222.38428,203.9732733333333,184.4421583888889,158.05446201666666,193.34042484166667
2006-07-01,177.80681,199.64534583333332,186.34429661111113,158.95066918333336,193.103387925
2006-08-01,145.75308,196.27808083333332,187.79339855555554,159.54911218333334,192.92748600833335
2006-09-01,137.26819,194.7776666666667,189.3219327222222,160.27156093333332,192.800702425
2006-10-01,155.7876,195.10483333333332,191.63520844444443,161.38056576666665,192.779386425
2006-11-01,168.36775,196.01631833333337,194.06350483333333,162.33869793333332,192.61474367500003
2006-12-01,173.12129,196.8831266666667,195.77433694444443,162.93759093333333,192.135337675
2007-01-01,176.02397,195.6483075,196.95033777777778,163.50118093333333,191.27257242500002
2007-02-01,183.01196,193.45443166666664,197.2111561111111,164.27357493333332,190.16179000833336
2007-03-01,200.90791,190.101465,197.1782772222222,165.29297126666668,189.25902800833333
2007-04-01,199.18446,183.64059999999998,197.0738477777778,166.0752311,188.39260225833334
2007-05-01,176.66122,176.35654333333332,196.58797888888887,166.47670193333335,187.41108542500004
2007-06-01,165.12616,171.5850333333333,196.53029249999997,167.11193970000002,186.39301725833334
2007-07-01,150.75758,169.33093083333333,196.7415163888889,167.89991936666667,185.46622459166664
2007-08-01,128.25307,167.87259666666668,196.91900638888887,168.68613576666667,184.68084225833337
2007-09-01,119.84752,166.42087416666666,197.06120472222221,169.3510691,183.93035725833334
2007-10-01,128.98383,164.18722666666665,196.3013288888889,170.04470426666666,183.24144725833332
2007-11-01,129.1316,160.91754749999998,194.29952333333333,170.54545576666666,182.4855647583333
2007-12-01,147.55385,158.78692750000002,192.69683333333333,171.1972779333333,181.784763675
2008-01-01,188.7378,159.84641333333335,191.82086666666666,172.4964317,181.27068892499997
2008-02-01,234.77228,164.15977333333333,191.52213361111112,174.45005769999997,180.70956400833333
2008-03-01,253.21132,168.51839083333334,191.06255916666666,176.53186186666665,179.89064600833336
2008-04-01,238.42775,171.788665,189.77547305555558,178.23401836666667,178.84199525833336
2008-05-01,226.2641,175.92223833333333,187.53295500000002,179.65109503333332,177.78929942500002
2008-06-01,205.06505,179.25047916666665,184.93626194444445,180.83239753333334,176.6039378416667
2008-07-01,157.98347,179.85263666666665,182.94297111111112,181.64329146666665,175.19262509166668
2008-08-01,121.71542,179.30783250000002,181.15283666666667,182.11212496666667,173.89501000833334
2008-09-01,110.059814,178.49219033333335,179.89691038888887,182.57577253333332,172.78104604166668
2008-10-01,113.11807,177.17004366666666,178.82070122222223,183.25257913333334,171.64725045833333
2008-11-01,125.74532,176.88785366666664,177.9405731666667,183.99918313333333,170.536241125
2008-12-01,161.26494,178.03044450000002,177.90016622222223,184.82807656666665,169.77159920833336
2009-01-01,213.5217,180.0957695,178.5301634444444,186.15863923333333,169.382101375
2009-02-01,242.94275,180.776642,179.46361566666667,187.31397673333333,169.17072545833335
2009-03-01,249.63318,180.47846366666667,179.69943983333332,188.10633723333333,169.11474220833333
2009-04-01,263.88394,182.59981283333332,179.34302594444446,189.1220042333333,169.0327295416667
2009-05-01,264.48395,185.78480033333335,179.35452733333332,190.29419506666667,168.79391829166667
2009-06-01,258.98517,190.27814366666667,180.3712187222222,191.82390006666665,168.66567579166667
2009-07-01,225.33167,195.89049366666666,181.6913537222222,193.1935359,168.6026944583333
2009-08-01,186.65433,201.3020695,182.82749955555556,194.27338423333333,168.52272712500002
2009-09-01,159.17775,205.39523083333333,183.43609844444444,195.01420706666667,168.43350695833334
2009-10-01,156.08418,208.97574,183.44433677777775,195.00995406666667,168.51674645833333
2009-11-01,157.83601,211.64996416666668,183.15178844444446,194.28727756666666,168.716882875
2009-12-01,168.36862,212.24193749999998,183.01976983333333,193.6725764,169.00470454166668
2010-01-01,199.00063,211.0318483333333,183.6580103888889,193.31804356666666,169.39249204166666
2010-02-01,219.69423,209.09447166666666,184.67696233333334,192.88750290000002,169.54716279166666
2010-03-01,225.22299,207.06028916666665,185.35238122222225,192.14528606666667,169.45188204166664
2010-04-01,256.4744,206.44282750000002,186.94376844444443,191.6738119,169.67131170833335
2010-05-01,290.47528,208.60877166666663,190.1052701111111,191.3984874,170.24920070833335
2010-06-01,278.691,210.25092416666666,193.259849,191.06757073333333,170.96557954166664
2010-07-01,227.37349,210.42107583333333,195.38806872222222,191.02809656666668,171.61331170833333
2010-08-01,194.53636,211.07791166666667,197.22927122222222,191.1676982333333,172.0991037083333
2010-09-01,163.79877,211.46299666666667,198.4501392777778,191.30979173333336,172.299782125
2010-10-01,160.94269,211.86787249999998,199.33788538888888,191.46114323333333,172.312817625
2010-11-01,190.66653,214.60374916666663,201.047189,192.01508656666667,172.46116179166665
2010-12-01,265.18622,222.6718825,204.31475483333332,193.72286373333333,173.25221179166664
2011-01-01,304.91068,231.49772,207.54177927777778,195.6240117333333,174.29199545833333
2011-02-01,305.48672,238.64709416666668,209.50606927777778,197.22648256666668,175.25240004166665
2011-03-01,311.82056,245.86355833333332,211.13410372222222,198.40443340000002,176.23884095833333
2011-04-01,330.037,251.993775,213.6788051111111,199.29313606666668,177.32558370833334
2011-05-01,380.58774,259.5031466666667,217.96557288888891,201.23510006666666,179.006680375
2011-06-01,378.70636,267.83776,222.7889426111111,203.84046806666666,180.94746504166667
2011-07-01,308.52982,274.60078749999997,226.97078566666667,206.01918489999997,182.48492704166665
2011-08-01,244.75626,278.78577916666666,230.38858677777776,207.66923789999998,183.60917504166667
2011-09-01,200.66284,281.857785,232.9053375,208.72581540000002,184.49868816666665
2011-10-01,191.70729,284.42150166666664,235.0883713888889,209.3244769,185.35252133333333
2011-11-01,202.42241,285.40115833333334,237.21829055555554,209.89205456666664,186.11537625
2011-12-01,197.9929,279.801715,238.23851166666665,210.3065814,186.62208616666666
2012-01-01,203.08424,271.3161783333333,237.94858222222217,210.75758589999998,187.12938341666668
2012-02-01,208.87935,263.26556416666665,237.00237666666666,211.1887090666667,187.731142
2012-03-01,209.49165,254.738155,235.88733416666668,211.3317714,188.31237133333335
2012-04-01,210.77266,244.79945999999998,234.41202083333337,211.52490806666668,188.80006958333334
2012-05-01,198.44196,229.620645,232.5775211111111,211.88792039999998,189.18231116666666
2012-06-01,161.36055,211.50849416666665,229.8657261111111,211.82516023333335,189.46854996666667
2012-07-01,142.54642,197.67654416666667,227.56613583333333,211.68830756666665,189.79411346666666
2012-08-01,119.28559,187.220655,225.69478194444443,211.53884956666667,190.11249266666664
2012-09-01,112.672104,179.88809366666666,224.40295844444444,211.4192593,190.3851642
2012-10-01,116.701935,173.63764741666668,223.30900719444443,211.21456105000001,190.62963265833335
2012-11-01,122.8908,167.01001325000001,222.33830691666665,211.11054771666667,190.8280017416667
2012-12-01,155.83417,163.49678575,221.99012775,211.24855305,191.22291549166667
2013-01-01,193.83914,162.72636075,221.84675302777777,211.33357538333334,191.91500354166666
2013-02-01,205.0117,162.40405658333333,221.43890497222222,210.83756571666666,192.64381170833335
2013-03-01,202.82954,161.84888075,220.81686469444446,209.99786938333332,193.264865625
2013-04-01,209.0285,161.70353408333332,219.49892302777778,209.50788188333334,193.87095012499998
2013-05-01,212.54944,162.8791574166667,217.3343163611111,209.27930421666667,194.465199625
2013-06-01,174.68677,163.98967575,214.44530997222222,208.77299954999998,194.80269854166667
2013-07-01,143.73787,164.08896325,212.12209830555557,208.53557288333334,195.08943217499998
2013-08-01,119.18764,164.08080075,210.02907830555557,208.49344321666666,195.30278409166664
2013-09-01,125.734024,165.16929408333334,208.97172424999997,208.75468005,195.66522629166667
2013-10-01,149.72467,167.92118866666667,208.66011258333333,209.36479004999998,196.30868459166666
2013-11-01,164.80785,171.41427616666667,207.94181591666668,210.01583221666667,197.007507675
2013-12-01,177.84381,173.24841283333333,205.5156378611111,210.29214671666668,197.56011164166665
2014-01-01,184.05612,172.43316116666665,202.15856674999998,209.80105371666664,197.97984647500002
2014-02-01,186.51012,170.89136283333335,198.85366119444444,208.86050988333332,198.0872433083333
2014-03-01,196.26785,170.34455533333335,195.64386369444443,207.9710877166667,198.03871247499998
2014-04-01,202.17758,169.77364533333332,192.0922131388889,206.94264838333336,198.03232630833332
2014-05-01,195.44125,168.34796283333333,186.94925508333333,205.7919367166667,198.04306589166666
2014-06-01,175.85388,168.44522199999997,181.31446397222223,204.40641521666663,198.11515764166668
2014-07-01,150.35275,168.99646199999998,176.92065647222222,203.15676655,198.17515122499998
2014-08-01,149.50047,171.52253116666668,174.27466230555555,202.53753555,198.40545989166668
2014-09-01,169.31815,175.15454166666666,173.4039764722222,202.70654221666663,198.86037464166665
2014-10-01,170.91199,176.92015166666667,172.82632925,202.95367238333333,198.98181322500002
2014-11-01,170.75252,177.41554083333335,171.94661008333333,203.16894755,198.72811255833332
2014-12-01,194.99828,178.84507999999997,171.86342619444446,203.61277521666665,198.64267580833334
2015-01-01,207.48895,180.79781583333332,171.98577925,203.75424721666667,198.53614539166665
2015-02-01,196.19171,181.604615,171.63334480555557,203.36253854999998,198.125020725
2015-03-01,183.92343,180.57591333333332,170.9231164722222,202.67421255,197.40974930833332
2015-04-01,197.60182,180.1946,170.55725980555556,201.69300288333335,196.68340739166666
2015-05-01,244.9167,184.31755416666667,171.84822480555556,200.93369321666665,196.16609030833334
2015-06-01,250.445,190.53348083333333,174.3227928611111,200.46292654999996,195.7652486416667
2015-07-01,215.12038,195.93078333333332,176.33873619444444,200.25870804999997,195.64340230833335
2015-08-01,182.82996,198.70824083333332,178.10385758333334,200.06360138333332,195.61564980833333
2015-09-01,166.07724,198.438165,179.58733358333336,200.1015758833333,195.7056838083333
2015-10-01,174.01645,198.69687,181.17940344444443,200.31947188333334,195.89030755833332
2015-11-01,189.33067,200.24504916666663,183.02495538888888,200.29720755,196.15614705833335
2015-12-01,208.98895,201.41093833333332,184.50147705555554,199.36058638333333,196.54172505833333
2016-01-01,225.15858,202.8834075,185.3714615,198.03138471666668,196.827698225
2016-02-01,225.11757,205.29389583333332,185.9299578888889,196.69189888333332,196.95919072499998
2016-03-01,230.47157,209.17290750000004,186.69779205555557,195.33608238333332,196.87025789166668
2016-04-01,242.5067,212.91498083333332,187.62774205555556,193.87724405,196.58519005833335
2016-05-01,233.58125,211.97036,188.211959,191.42713588333334,196.331117975
2016-06-01,186.46635,206.63880583333332,188.53916955555553,188.22313571666666,196.03180189166667
2016-07-01,155.87761,201.70190833333334,188.87638455555555,185.67893221666665,195.84905855833333
2016-08-01,121.66038,196.60444333333336,188.94507177777777,183.6273342166667,195.64828605833333
2016-09-01,118.60454,192.648385,188.74703055555557,182.25969588333334,195.49275564166666
2016-10-01,117.60837,187.94771166666666,187.8549111111111,181.02471388333333,195.17459539166666
2016-11-01,123.30487,182.44556166666666,186.70205055555553,179.70608821666667,194.79907139166664
2016-12-01,144.03362,177.03261750000001,185.76287861111112,178.80676688333335,194.55667414166666
2017-01-01,173.58087,172.734475,185.47189944444443,178.31504405,194.53631497499998
2017-02-01,212.86365,171.713315,186.20394194444444,178.38144905,194.78507905833334
2017-03-01,248.61583,173.22533666666666,187.6580525,179.03351871666666,195.18264505833335
2017-04-01,269.273,175.45586166666666,189.52181416666667,180.0085243833333,195.766716225
2017-05-01,256.04343,177.32771,191.20520805555554,180.96854888333334,196.42823464166665
2017-06-01,202.09135,178.62979333333337,191.93402666666668,181.64739555,196.73627789166665
2017-07-01,167.81102,179.62424416666667,192.41897861111113,182.06847221666666,196.87838989166667
2017-08-01,141.07463,181.24209833333336,192.18492750000001,182.43162288333332,196.98523622499997
2017-09-01,148.81667,183.75977583333335,191.61544194444446,183.03403231666667,197.2266458083333
2017-10-01,151.7425,186.60428666666667,191.08295611111112,183.61804173333334,197.41630139166668
2017-11-01,143.43466,188.28176916666666,190.32412666666667,183.96043939999998,197.53549355833334
2017-12-01,143.48868,188.23635750000003,188.89330444444442,183.75468123333334,197.50161714166669
2018-01-01,154.60088,186.65469166666665,187.4241913888889,183.10071023333333,197.21714280833334
2018-02-01,162.04807,182.42006,186.47575694444444,182.38464973333336,196.61110772499998
2018-03-01,170.46304,175.90732749999998,186.10185722222224,181.84520806666666,195.921538725
2018-04-01,182.66605,168.69008166666666,185.68697472222223,181.40583389999998,195.45685789166666
2018-05-01,189.38861,163.13551333333334,184.1445277777778,181.01982006666665,195.14956214166665
2018-06-01,159.90086,159.61963916666667,181.62941277777776,180.77338823333335,194.77319389166666
2018-07-01,133.00653,156.71926499999998,179.34847249999999,180.59453256666666,194.565052725
2018-08-01,125.15015,155.392225,177.74625555555556,180.69390773333333,194.593675475
2018-09-01,108.35226,152.02019083333332,176.14278388888886,180.40421166666667,194.57944585833332
2018-10-01,130.36182,150.23846749999998,174.93015527777777,180.0814975,194.723143775
2018-11-01,168.0891,152.29300416666666,174.34011166666667,180.13618499999998,195.07600860833332
2018-12-01,192.22548,156.35440416666668,173.87445972222224,180.3758795,195.33401310833332
2019-01-01,232.71556,162.86396083333332,174.08437583333333,181.18687016666667,195.4939619416667
2019-02-01,267.7979,171.6764466666667,175.26994055555554,182.5416665,195.70108819166666
2019-03-01,292.64026,181.85788166666666,176.99684861111112,184.1478733333333,196.05948052499997
2019-04-01,306.36664,192.16626416666668,178.77073583333333,185.88435766666666,196.41350302499998
2019-05-01,324.60724,203.43448333333333,181.29923555555555,188.03712416666667,196.91453044166667
2019-06-01,310.5708,215.99031166666668,184.7465813888889,190.28240616666665,197.34441069166667
2019-07-01,264.55865,226.95298833333334,187.76549916666667,192.18583783333335,197.67130219166668
2019-08-01,219.8692,234.84624250000002,190.49352194444447,193.35865,197.948092775
2019-09-01,193.00952,241.90101416666667,192.56032694444445,193.75350616666668,198.2300241916667
2019-10-01,178.21259,245.88857833333336,194.2437775,193.87518283333335,198.41442760833334
2019-11-01,186.73445,247.44235749999999,196.00571027777778,194.14154833333336,198.6552479416667
2019-12-01,210.37035,248.95443000000003,197.84839722222222,194.3977495,199.00526235833334
2020-01-01,218.4837,247.7684416666667,199.09569805555554,194.58099533333333,199.167621275
2020-02-01,212.34416,243.14729666666668,199.08126777777778,194.85020283333333,199.10637069166665
2020-03-01,206.53282,235.97167666666667,197.9122952777778,195.227026,198.950619275
2020-04-01,189.28468,226.21484666666666,195.69039750000002,195.08840700000002,198.39070494166666
2020-05-01,166.9658,213.07806000000002,193.2160188888889,193.78922533333335,197.361459275
2020-06-01,150.36406,199.72749833333333,191.77914972222223,192.1212096666667,196.29206810833332
2020-07-01,125.53034,188.14180583333334,190.6046863888889,190.62804233333333,195.44337519166666
2020-08-01,97.45512,177.9406325,189.39303333333334,189.20512833333333,194.63436485833336
2020-09-01,79.89466,168.51439416666668,187.47853305555554,187.768752,193.93516394166667
2020-10-01,72.06641,159.66887916666667,185.26530833333334,186.06958466666666,193.19452827499998
2020-11-01,74.32889,150.30174916666667,183.34570361111113,184.15288833333335,192.22504794166667
2020-12-01,81.37629,139.55224416666667,181.62035944444446,182.02601066666665,190.69329852500002
2021-01-01,85.253525,128.44972958333332,179.69404402777778,179.69425975000001,188.86282223333333
2021-02-01,97.1502,118.85023291666666,177.8913254166667,177.56147025,187.12668456666668
2021-03-01,113.319534,111.08245908333333,176.30400580555553,175.60893631666667,185.47250935
2021-04-01,118.17327,105.15650825,174.51253969444443,173.53671248333333,183.70697826666668
2021-05-01,105.38376,100.02467158333333,172.17907163888887,171.40008765000002,181.41361176666666
2021-06-01,90.2802,95.01768325,170.24516441666665,169.79698515,179.01006043333334
2021-07-01,80.96293,91.30373241666666,168.79950886111112,168.54840715,177.11366968333334
2021-08-01,101.32848,91.62651241666667,168.13779580555558,168.20954214999998,175.91843818333334
2021-09-01,105.991615,93.80125866666667,168.07222233333334,167.99932673333333,175.12951130833335
2021-10-01,128.54277,98.50762200000001,168.0216931666667,168.18156673333334,174.60314030833334
2021-11-01,147.88354,104.63717616666668,167.46042761111113,168.59121123333333,174.14864972499998
2021-12-01,169.68866,111.99654033333331,166.83440483333334,169.0187952333333,173.9127810583333
2022-01-01,184.37602,120.25674825,165.49163983333332,169.1987144,173.75687922499998
2022-02-01,177.82141,126.97934908333333,162.9922928888889,168.61467706666664,173.49806305833332
2022-03-01,176.01402,132.20388958333334,159.7526751111111,167.4046469,173.21908280833335
2022-04-01,170.53627,136.56747291666667,155.97960927777777,165.75903473333335,172.88377955833332
2022-05-01,156.69954,140.84378791666668,151.3155065,164.10330323333335,172.53592605833333
2022-06-01,132.0276,144.32273791666665,146.35597316666667,162.93557406666665,172.29148480833334
2022-07-01,114.4386,147.11237708333334,142.18597177777778,162.04603373333336,172.057252975
2022-08-01,108.02869,147.67072791666666,139.07929094444444,161.49526806666665,171.96344547500001
2022-09-01,102.02991,147.34058583333334,136.55207955555557,160.7154887333333,171.874760525
2022-10-01,94.93534,144.53996666666666,134.23882261111112,159.7687027333333,171.69337223333332
2022-11-01,131.80786,143.20032666666665,132.713084,159.57492273333335,171.76768106666665
2022-12-01,175.56824,143.69029166666667,131.74635872222223,160.10958206666666,171.93213165
2023-01-01,206.60022,145.54230833333332,131.41626205555556,160.97623773333333,172.03847398333335
2023-02-01,225.97377,149.555005,131.79486233333333,162.04166606666664,172.21315790000003
2023-03-01,249.4604,155.67553666666666,132.98729511111114,163.35828873333332,172.6017484
2023-04-01,261.73163,163.27515000000002,134.99971038888887,164.6760484,173.04094115
2023-05-01,234.16428,169.730545,136.86633483333333,165.42230956666668,173.22106481666665
2023-06-01,210.12756,176.238875,138.52643205555557,166.2594212333333,173.51640473333333
2023-07-01,168.82767,180.77129749999997,139.72913566666665,166.85644023333333,173.72548640000002
2023-08-01,150.5746,184.31678999999997,141.20467677777776,167.28018106666664,173.9870444
2023-09-01,140.6589,187.5358725,142.89257233333333,167.81862506666667,174.11141836666667
2023-10-01,135.90813,190.95027166666668,144.66595344444443,167.91106356666666,173.99628053333333
2023-11-01,141.38268,191.74817333333337,146.52855872222221,167.46595656666668,173.80107078333333
2023-12-01,139.41893,188.73573083333335,148.14085427777775,166.5858474,173.48086345000002
