pct_missing,rep,status,n_removed,n_remaining,n_scored,mae,rmse,r,r2,kge,nse
5,0,ok,10,192,10.0,1.910468883195972,2.19111981431969,0.9224902397955811,0.8495443967128412,0.9109711490776427,0.8495443967128418
5,1,ok,10,192,10.0,2.619491306632426,3.3486075693064636,0.8695202672077016,0.7400160421612012,0.7241424842807493,0.7400160421612016
5,2,ok,10,192,10.0,2.072715817291646,2.4468687409979593,0.8936722218156268,0.7980132902789123,0.8513492811005334,0.7980132902789131
5,3,ok,10,192,10.0,1.882552346122975,2.306278927190383,0.8653723295969468,0.7263449523761738,0.8652715219472783,0.7263449523761751
5,4,ok,10,192,10.0,1.8181857900774048,2.3687061842540205,0.9016279283474685,0.7138967620802915,0.9010282382837638,0.713896762080293
5,5,ok,10,192,10.0,1.8581962785397081,2.235190138320464,0.9556785368405986,0.8868569810936631,0.7970196534943483,0.8868569810936633
5,6,ok,10,192,10.0,2.449054541167243,2.9752080702761328,0.8766731920874924,0.6822969032536277,0.8414250191968744,0.6822969032536288
5,7,ok,10,192,10.0,1.8594531607317548,2.4730548254448186,0.9092126874162343,0.8200898837432379,0.8617371241956944,0.8200898837432384
5,8,ok,10,192,10.0,1.8280831611948087,2.232384038127001,0.9473784675516497,0.8835567568350468,0.892043600413003,0.883556756835047
5,9,ok,10,192,10.0,2.51255118889585,3.015794960691749,0.8834219895504767,0.7463445738119923,0.8501409695919289,0.746344573811993
5,10,ok,10,192,10.0,2.702230150165087,3.2045715494505718,0.8011999857909274,0.628152268548049,0.7047533284336683,0.6281522685480503
5,11,ok,10,192,10.0,2.524302135872131,2.882680475589658,0.9126744049067681,0.786087510244478,0.7405030715835204,0.7860875102444784
5,12,ok,10,192,10.0,1.7400920192812008,2.2407963875533623,0.9182819939095609,0.8301084685294009,0.9174367945090216,0.8301084685294015
5,13,ok,10,192,10.0,1.705761424805587,2.1519771372295122,0.9228344405239155,0.8499402691264514,0.9137317280986247,0.8499402691264518
5,14,ok,10,192,10.0,2.140555791409406,2.5332604612074343,0.9086296279171596,0.8174162212666087,0.7973250222743185,0.8174162212666093
5,15,ok,10,192,10.0,2.3053817390578843,2.986108964652512,0.8910791549390479,0.7731390255918984,0.8884558036593,0.7731390255918991
5,16,ok,10,192,10.0,1.7631602916056182,2.296222008011769,0.8241701062370119,0.6437778557481069,0.7177594387277235,0.6437778557481093
5,17,ok,10,192,10.0,2.5882905036527517,4.427285257881116,0.6706863516247101,0.34613448589280393,0.661103377764835,0.34613448589280615
5,18,ok,10,192,10.0,1.770443313110627,2.0391147294184817,0.9207373385187501,0.8060905507443561,0.9170734475587593,0.806090550744357
5,19,ok,10,192,10.0,1.691241230612468,2.0314601965126915,0.9495329400065569,0.753292776290967,0.7385000421995538,0.7532927762909685
5,20,ok,10,192,10.0,2.5042712386183665,3.0830242937458827,0.8620814207731534,0.6376112884012748,0.843396791278261,0.6376112884012763
5,21,ok,10,192,10.0,2.62817640866906,2.870770940279169,0.9181827818057801,0.8204584530042038,0.8025010900245452,0.8204584530042043
5,22,ok,10,192,10.0,1.9972532542747103,2.8624837112746166,0.8994543477742878,0.8074021987604021,0.8433058804308317,0.8074021987604025
5,23,ok,10,192,10.0,2.1221219673897393,2.444249756973298,0.8563493712681747,0.7112048123695569,0.8454193851172297,0.7112048123695585
5,24,ok,10,192,10.0,1.9709721389568586,2.395957012769166,0.9346833121671531,0.834710814160967,0.8836105268346397,0.8347108141609676
5,25,ok,10,192,10.0,2.7533091371779848,4.508703648876043,0.688460472896974,0.39692896754084595,0.6703927730820334,0.39692896754084783
5,26,ok,10,192,10.0,2.54545923879823,3.085391080816263,0.8253436752841009,0.6155981376491839,0.7478867445510633,0.6155981376491855
5,27,ok,10,192,10.0,1.3676635857535075,1.6128384734845285,0.9701806395258068,0.9197237668353095,0.8229386262888114,0.9197237668353098
5,28,ok,10,192,10.0,1.5623092540003198,2.042502260801619,0.9304788838296055,0.8608277079809256,0.871403013802509,0.860827707980926
5,29,ok,10,192,10.0,2.098173685263464,2.6306986566916675,0.8851150517764638,0.7657339338228005,0.8719028054696714,0.7657339338228013
5,30,ok,10,192,10.0,1.681104583256274,1.9246913001471644,0.9377625146310912,0.8695508075138022,0.866214037120655,0.8695508075138026
5,31,ok,10,192,10.0,1.9769434344671026,2.624751523916742,0.8789822443246749,0.7541991090549942,0.8302545545405227,0.7541991090549951
5,32,ok,10,192,10.0,1.051650742750644,1.2971564770079382,0.9794361049848443,0.9414116093358589,0.945626149616538,0.9414116093358591
5,33,ok,10,192,10.0,1.6950748042367194,2.0418506755217183,0.9613327128946925,0.8911206892993992,0.9606407062390889,0.8911206892993996
5,34,ok,10,192,10.0,1.1549324792317748,1.3170024238564746,0.9745221646107318,0.9449672371972224,0.9026022543115353,0.9449672371972226
5,35,ok,10,192,10.0,2.8495493456917758,4.7333863042530915,0.7102887493244932,0.4113471033235576,0.7099121677068094,0.41134710332355917
5,36,ok,10,192,10.0,2.919101573813532,4.077790769746944,0.6487215592049911,0.40165942680097944,0.5892922781298162,0.40165942680098166
5,37,ok,10,192,10.0,1.379469694186082,1.7549209152321033,0.9572879732924351,0.8894109617702397,0.902243952220657,0.8894109617702401
5,38,ok,10,192,10.0,1.0473292074388154,1.5796105313706583,0.9732883409098569,0.9202053881006447,0.8760566245062177,0.9202053881006449
5,39,ok,10,192,10.0,2.1696316040976855,2.6807045647471397,0.8458581966607949,0.7061854308827483,0.8188017032205781,0.7061854308827495
5,40,ok,10,192,10.0,2.0998893265954393,2.5602764067913473,0.8530533028555018,0.7000037561862531,0.8527386086413405,0.7000037561862544
5,41,ok,10,192,10.0,2.492241916261901,3.0835937464628462,0.8295960056419412,0.6860946772119072,0.7628999735462143,0.6860946772119081
5,42,ok,10,192,10.0,2.15200956030385,3.0812349128817056,0.8859600532454263,0.7441799195331696,0.7519609009242288,0.7441799195331703
5,43,ok,10,192,10.0,1.3506449023875575,1.6599406377382524,0.9704635199584867,0.9300877731180069,0.9559056805629355,0.9300877731180072
5,44,ok,10,192,10.0,1.1193468946342364,1.345686860018746,0.9703215078040834,0.9400625236947453,0.9700049960222054,0.9400625236947455
5,45,ok,10,192,10.0,1.5843325811641988,1.8560460119437963,0.9496367211675066,0.8755559548340126,0.8778964437507372,0.8755559548340129
5,46,ok,10,192,10.0,1.2026643773635441,1.5676446424404495,0.9712199425323448,0.93441321407707,0.9297759829568888,0.9344132140770701
5,47,ok,10,192,10.0,2.2459359903839866,3.0574084969975295,0.895644146354059,0.7936814753528164,0.8929399285304468,0.7936814753528169
5,48,ok,10,192,10.0,1.500128145538565,1.9647163627057997,0.9617296023276334,0.9139080320999702,0.8774927622419936,0.9139080320999704
5,49,ok,10,192,10.0,1.9160491690541677,2.56995372276293,0.9462046916315858,0.8422024554361772,0.8683659003812865,0.8422024554361776
10,0,ok,20,182,20.0,1.6326350146035566,2.208739327398453,0.917495724668075,0.8382994724213457,0.8849191703832944,0.838299472421346
10,1,ok,20,182,20.0,2.263831716845425,3.3110354475124013,0.8898506973111622,0.759935157584834,0.7546104807777555,0.7599351575848342
10,2,ok,20,182,20.0,1.758238795508987,2.036604520680106,0.94775301481181,0.8981079754434872,0.9226031301844866,0.8981079754434873
10,3,ok,20,182,20.0,1.5349351951997505,2.0137148285525983,0.9486755009935648,0.8886604357614056,0.8588951101997803,0.8886604357614059
10,4,ok,20,182,20.0,2.0418186388259527,2.630075905853273,0.9113222044415785,0.8192602704335854,0.8448039162503657,0.8192602704335857
10,5,ok,20,182,20.0,2.2286242214901906,3.0613627549999394,0.877480212797021,0.7675326859490467,0.8568871099531467,0.767532685949047
10,6,ok,20,182,20.0,1.708043603717806,1.9552597003015468,0.936467561306802,0.8741169462050653,0.9342331309861397,0.8741169462050655
10,7,ok,20,182,20.0,2.890437841496214,3.2169487859478094,0.8790686088141397,0.7223909914053017,0.6761120218218984,0.7223909914053022
10,8,ok,20,182,20.0,2.205799018804919,3.5581305283746616,0.7855569436046398,0.6142296782194034,0.7318980313278962,0.6142296782194041
10,9,ok,20,182,20.0,2.385617492786787,3.1105340470049296,0.8281506314609438,0.6719320321862046,0.7968282989977244,0.6719320321862052
10,10,ok,20,182,20.0,1.7750407847026053,2.1994363259125875,0.9500579130920896,0.8933172140757898,0.8669824112928632,0.8933172140757899
10,11,ok,20,182,20.0,1.6029506970726288,1.938928145373433,0.8845886227372652,0.7114964851160681,0.8273138882325358,0.7114964851160693
10,12,ok,20,182,20.0,2.2161698897144104,3.1449255066733586,0.9222758035583175,0.7753068433778985,0.772187348534284,0.7753068433778987
10,13,ok,20,182,20.0,2.140665535576818,2.6108819323379264,0.9341202729162942,0.8432001910358586,0.9194850559574639,0.8432001910358587
10,14,ok,20,182,20.0,1.7772442311480972,2.3528176430015324,0.9197572490857929,0.8319458112738857,0.9167533573340814,0.8319458112738859
10,15,ok,20,182,20.0,2.308371646957903,3.748246482378202,0.7516172643481959,0.4924068199709851,0.7516157072630323,0.49240681997098623
10,16,ok,20,182,20.0,2.0659565491558625,2.5329295177006004,0.875273287784807,0.7615802842553249,0.8363321293723002,0.7615802842553253
10,17,ok,20,182,20.0,2.4405147719898195,3.214868570365631,0.8187379588943847,0.6639479412830799,0.7903097897856411,0.6639479412830804
10,18,ok,20,182,20.0,1.8069870080112196,2.2203495608590353,0.945113904688165,0.8751981182272264,0.8031150525710997,0.8751981182272265
10,19,ok,20,182,20.0,1.9842714225067084,2.501560986523255,0.8859335692559137,0.7339169939119343,0.8530278886969211,0.7339169939119349
10,20,ok,20,182,20.0,2.4496000188559264,3.096838489972331,0.827594217391084,0.6479894701060538,0.7821508523495535,0.6479894701060545
10,21,ok,20,182,20.0,1.4721155753826678,1.896420351449238,0.9423869568458517,0.8672316328243497,0.9191879786184612,0.8672316328243499
10,22,ok,20,182,20.0,1.6065213402468999,2.140669289624861,0.9398867344050261,0.8822992617101207,0.9316959721867529,0.8822992617101209
10,23,ok,20,182,20.0,2.311368425394767,2.9713871367856988,0.8670585753554334,0.7303257971812096,0.866795151044307,0.73032579718121
10,24,ok,20,182,20.0,2.674628608018929,3.8891357148434387,0.7438466949932668,0.5386607143952787,0.7035963942893919,0.5386607143952793
10,25,ok,20,182,20.0,2.273745685214635,2.777636314521739,0.9105971226122548,0.798354272410309,0.7864837756745526,0.7983542724103092
10,26,ok,20,182,20.0,1.7118521513889846,2.264520612263763,0.9455237333551186,0.8886282837082722,0.8686963024705984,0.8886282837082723
10,27,ok,20,182,20.0,3.176752487820204,4.459796798183311,0.6887133509451165,0.42373518489691675,0.5782707476969573,0.42373518489691764
10,28,ok,20,182,20.0,2.7006413594599055,3.7839839574663547,0.7539328778025568,0.45862136596845493,0.7445092041022815,0.45862136596845615
10,29,ok,20,182,20.0,2.0448574694652053,3.1997709632134157,0.8396103145849798,0.68485846099042,0.8294594257504522,0.6848584609904205
10,30,ok,20,182,20.0,1.80948988774594,2.2261686696435956,0.9284138503386531,0.828965967671242,0.9120393125181007,0.8289659676712422
10,31,ok,20,182,20.0,2.315871703558378,2.9849532495206965,0.8947834545279084,0.7911848391580052,0.7718948593085175,0.7911848391580055
10,32,ok,20,182,20.0,1.9278401070524978,2.4264621702387905,0.905973176985533,0.8115316300478927,0.9059507014612207,0.8115316300478931
10,33,ok,20,182,20.0,2.303149239090544,2.760227921641895,0.9025561905113777,0.7646680541090598,0.8673861666494929,0.7646680541090601
10,34,ok,20,182,20.0,1.5515779957171163,2.0201807072863907,0.95216504370275,0.878782414350519,0.9508126931530755,0.8787824143505192
10,35,ok,20,182,20.0,1.6132675814597406,2.2092435003343334,0.9278059189259587,0.858522433048379,0.8685134721727776,0.8585224330483793
10,36,ok,20,182,20.0,2.4253296913012945,3.267093622336093,0.8249643600948613,0.6595967036833466,0.7864881604287005,0.659596703683347
10,37,ok,20,182,20.0,1.9268131282577088,2.4140326187891805,0.9104836582923763,0.8139579312803842,0.9078042472734901,0.8139579312803845
10,38,ok,20,182,20.0,1.3582378023050752,1.8040136187201683,0.9446494717351536,0.8917934883692985,0.9037204402304697,0.8917934883692986
10,39,ok,20,182,20.0,2.4012225623064296,3.7775597314951908,0.8285299756117842,0.6691136936614865,0.7789132387185209,0.669113693661487
10,40,ok,20,182,20.0,2.3313158524556457,2.720846826077909,0.8749153456616718,0.6774622110021616,0.868880620690954,0.6774622110021624
10,41,ok,20,182,20.0,2.372732715631855,3.2802463237220967,0.8734859791966288,0.7607738556332648,0.841343255379255,0.7607738556332652
10,42,ok,20,182,20.0,1.9907091930720981,2.4325379654948343,0.9301163832208804,0.863880170826324,0.8746789517363719,0.8638801708263242
10,43,ok,20,182,20.0,1.8157618452683437,2.1798067417931284,0.9296092726659282,0.862280572201796,0.9138282060312222,0.8622805722017962
10,44,ok,20,182,20.0,1.7593215582248376,2.098713632666254,0.9365619490995946,0.8768458980767507,0.9186679926652951,0.876845898076751
10,45,ok,20,182,20.0,2.1422458310673846,2.8908133052965557,0.8983086488751489,0.7998009057253903,0.8538525362625379,0.7998009057253905
10,46,ok,20,182,20.0,2.1349814237017197,2.6376745666753596,0.8736207946496641,0.7545949343243528,0.8682721919314653,0.7545949343243531
10,47,ok,20,182,20.0,1.901471147508346,2.2666213834371036,0.9128163810066611,0.8152308852809225,0.9125404110213318,0.8152308852809229
10,48,ok,20,182,20.0,1.612211741062356,2.1724762222125285,0.936644093059231,0.8689983366163565,0.9244340870214173,0.8689983366163567
10,49,ok,20,182,20.0,1.872315090001257,2.2615230982379013,0.9540463580081842,0.8760121375125027,0.9187565010586434,0.876012137512503
20,0,ok,40,162,40.0,1.8467783511683593,2.3800100836099576,0.9079645684551492,0.8212463502215736,0.872516328705087,0.8212463502215737
20,1,ok,40,162,40.0,1.8501137105401084,2.2508583428204525,0.9411593588468209,0.8814024699566192,0.8623058787436266,0.8814024699566192
20,2,ok,40,162,40.0,2.0288141298565963,2.6419477250536505,0.9154449888207172,0.8310826440839043,0.8207015511856652,0.8310826440839044
20,3,ok,40,162,40.0,2.166766040151333,2.9745257360242716,0.852731436456234,0.7188271666331741,0.7501980090594125,0.7188271666331743
20,4,ok,40,162,40.0,2.065398261938003,2.7727109735181803,0.8898565970909249,0.7817300726365914,0.8233973915449988,0.7817300726365916
20,5,ok,40,162,40.0,2.0898507803976827,3.0311479735973745,0.8701034496764373,0.7555295512734872,0.7947460197406016,0.7555295512734873
20,6,ok,40,162,40.0,1.2771411084317605,1.7239532494839451,0.9564098224422417,0.9144381844132876,0.9279417903470046,0.9144381844132876
20,7,ok,40,162,40.0,1.881603167890944,2.9524340376727305,0.8584822935414175,0.7293987853292482,0.8483873839865966,0.7293987853292485
20,8,ok,40,162,40.0,2.173436862998051,2.9110251676582926,0.8318396361969719,0.671442736954162,0.8125006964865997,0.6714427369541622
20,9,ok,40,162,40.0,1.9860868127829463,2.3910121781449964,0.9085762093069326,0.8228635586140751,0.8679513604997157,0.8228635586140753
20,10,ok,40,162,40.0,1.510576119749976,2.0109053079132164,0.9418957501359164,0.8870498847171128,0.9099970891110668,0.8870498847171129
20,11,ok,40,162,40.0,2.3042554931389985,3.045691577346741,0.8473583292406699,0.7034286563279324,0.8214980533399147,0.7034286563279326
20,12,ok,40,162,40.0,1.631455752434681,1.990284649864113,0.942679491662537,0.8843016784448273,0.9420798516689014,0.8843016784448274
20,13,ok,40,162,40.0,1.9062529426476202,2.4294333637137604,0.9043160330703517,0.8133550922958046,0.8714907118603303,0.8133550922958047
20,14,ok,40,162,40.0,2.515223468166164,3.2684661214324873,0.8059118308653925,0.6173338665233115,0.761198116208589,0.6173338665233118
20,15,ok,40,162,40.0,1.6201303365344302,2.2066682776588413,0.9367614478956873,0.8722746038010545,0.8583331433421209,0.8722746038010545
20,16,ok,40,162,40.0,2.0048851358354796,2.576122856792478,0.8843060477834132,0.7800666887812444,0.8520929456056079,0.7800666887812445
20,17,ok,40,162,40.0,2.536248745820285,3.56902702540397,0.8240249001068758,0.6760700579204679,0.78604177680513,0.6760700579204681
20,18,ok,40,162,40.0,2.1027934556999752,3.15125459442369,0.8225768878387609,0.6430642151610928,0.8214083102791017,0.643064215161093
20,19,ok,40,162,40.0,1.8384651037184994,2.447180240528561,0.9035880251082807,0.7692362753471027,0.9033629788576724,0.7692362753471028
20,20,ok,40,162,40.0,2.4178591833465815,3.4405823965092077,0.7960514553632697,0.6190079210533044,0.7780281298700229,0.6190079210533046
20,21,ok,40,162,40.0,2.137119170507867,2.769599149089015,0.8939110329044748,0.7678655054825425,0.893394192042438,0.7678655054825427
20,22,ok,40,162,40.0,2.2104227218212373,3.0534855246269106,0.8791066867234658,0.7611880207877993,0.7972469894212311,0.7611880207877993
20,23,ok,40,162,40.0,2.175663098459404,2.9663204947079276,0.9001341902576502,0.7966062980916748,0.7648514112516946,0.7966062980916749
20,24,ok,40,162,40.0,1.9569198782211514,2.3660791823863065,0.9186122457415662,0.8421781372270057,0.8977590118944568,0.842178137227006
20,25,ok,40,162,40.0,2.2580545814516655,2.783571812243816,0.8749385116521298,0.7614338400356422,0.8419545152999791,0.7614338400356424
20,26,ok,40,162,40.0,1.7025717712913546,2.2868501441759594,0.8968007174750995,0.7997824535050679,0.8503255917733857,0.7997824535050683
20,27,ok,40,162,40.0,1.8592088152076713,2.380093982836271,0.914870047953899,0.8342026916607705,0.9088604437458417,0.8342026916607707
20,28,ok,40,162,40.0,1.7421987397576912,2.1728485541287066,0.9278057716081186,0.8607770231958831,0.9021518330969194,0.8607770231958833
20,29,ok,40,162,40.0,1.6029828796846004,2.0192650646505643,0.9469704392869681,0.8966622422837618,0.9183307863906748,0.8966622422837618
20,30,ok,40,162,40.0,1.7994754483278939,2.1893462847033227,0.9285914976558443,0.8602973837967268,0.9111699110842745,0.8602973837967269
20,31,ok,40,162,40.0,1.8053031308612162,2.3716375086445263,0.920172079567295,0.845356770019247,0.8850103040637575,0.8453567700192473
20,32,ok,40,162,40.0,1.8903826643379715,2.8963398171879495,0.8637697567021236,0.7334343685376663,0.858492841901475,0.7334343685376665
20,33,ok,40,162,40.0,2.1612604219798186,2.9601684137097037,0.8552325483064761,0.7299232857508381,0.7671042213223618,0.7299232857508384
20,34,ok,40,162,40.0,1.7805308922905851,2.3187197595805036,0.9194425253917783,0.8027048964176617,0.9111681496986651,0.8027048964176617
20,35,ok,40,162,40.0,2.0557353379188728,2.5277288344991913,0.9167699318475253,0.8341586116739055,0.8239621302609894,0.8341586116739055
20,36,ok,40,162,40.0,1.5849699298669975,2.2177584408115023,0.9212506562596058,0.8310273216951741,0.9181207062314416,0.8310273216951742
20,37,ok,40,162,40.0,2.03450193392664,3.0671092289298763,0.8824935162654342,0.7757769531255952,0.8125144538768813,0.7757769531255954
20,38,ok,40,162,40.0,1.946832234843282,2.2775335175838927,0.9226344734653896,0.8497513196033514,0.8755947522846704,0.8497513196033515
20,39,ok,40,162,40.0,1.9908569605139064,2.637005946647376,0.8972174426116123,0.8047952398809671,0.8460533386826874,0.8047952398809674
20,40,ok,40,162,40.0,1.8809084310562185,2.497090636746381,0.9155652587827795,0.8361086650107941,0.8503327667770886,0.8361086650107943
20,41,ok,40,162,40.0,2.0535782150152047,2.575305403873163,0.9078152860007419,0.8238747596137567,0.87819851297863,0.8238747596137568
20,42,ok,40,162,40.0,2.3318608600552126,3.1705302628804444,0.851814638331438,0.7211186798670582,0.7652942482306107,0.7211186798670586
20,43,ok,40,162,40.0,2.1012529965468274,2.6565211645319384,0.8994605211280184,0.7997288527579256,0.8868028450937897,0.7997288527579257
20,44,ok,40,162,40.0,1.587899255858133,2.123687123193621,0.9361242818508806,0.8622059141095266,0.933827046386493,0.8622059141095268
20,45,ok,40,162,40.0,2.0673883005440756,2.7393336117854514,0.8797758623571199,0.7661467875701964,0.8747170621258962,0.7661467875701966
20,46,ok,40,162,40.0,2.0981501503858224,3.3230923903358804,0.8504939751570153,0.6893752833229635,0.8359249071484124,0.6893752833229636
20,47,ok,40,162,40.0,2.0616015824069565,2.880990950550875,0.8738634543079293,0.7616182727090589,0.8275022715561986,0.7616182727090591
20,48,ok,40,162,40.0,2.0207952646995864,2.471976354837623,0.9088858738884809,0.7754123566276135,0.9028329887713609,0.7754123566276138
20,49,ok,40,162,40.0,2.310631546006266,3.3460993753481034,0.8529371336175989,0.7142970455512012,0.8177316269036519,0.7142970455512012
30,0,ok,60,142,60.0,2.2765276442116527,3.064599914993247,0.8946013301525311,0.7802688756245041,0.7963228531366315,0.780268875624504
30,1,ok,60,142,60.0,2.060621114597461,3.153668415168039,0.865295736004539,0.7420393677995756,0.8539637633771887,0.7420393677995758
30,2,ok,60,142,60.0,2.3062450771369942,3.242633848190743,0.8356556109104422,0.6948010970618779,0.7974532193147676,0.694801097061878
30,3,ok,60,142,60.0,2.283819067334707,3.121714790059061,0.8753286327635834,0.7574996758773503,0.7645292335437563,0.7574996758773505
30,4,ok,60,142,60.0,2.51716252902717,3.2985623646645625,0.8265673880975306,0.6804567404587489,0.7476071232367658,0.6804567404587492
30,5,ok,60,142,60.0,2.1209236126294853,2.705339943066078,0.878623935803489,0.7658797953807732,0.8595629092242361,0.7658797953807734
30,6,ok,60,142,60.0,2.0807526343994596,2.9268347357495967,0.8519642233644465,0.7079352102713694,0.8507060338053036,0.7079352102713695
30,7,ok,60,142,60.0,1.8410794732651083,2.499747497606638,0.9010357688300876,0.8109409130941108,0.8739612110532823,0.8109409130941106
30,8,ok,60,142,60.0,1.6028304889119076,2.021231221645068,0.9430356297786257,0.8856496416722519,0.9323048125536517,0.885649641672252
30,9,ok,60,142,60.0,2.266026062258667,3.256380062960477,0.8361166111642738,0.6857930206507404,0.7945319876260064,0.6857930206507405
30,10,ok,60,142,60.0,2.2394932531697123,2.90992005580682,0.8815343051464369,0.7759961832718,0.8443569341890098,0.7759961832718001
30,11,ok,60,142,60.0,1.9250435226762874,2.693434469993504,0.8929289905205421,0.7952266731592634,0.8155397888670362,0.7952266731592634
30,12,ok,60,142,60.0,2.6063751080566058,3.4492691088604817,0.7993321619688267,0.6325588473857133,0.7637500428577539,0.6325588473857133
30,13,ok,60,142,60.0,1.7772065882611665,2.399688211491497,0.9204110136299032,0.838072678325136,0.9202233032441458,0.8380726783251361
30,14,ok,60,142,60.0,1.9959966537227198,2.9855835823841796,0.861793472235217,0.7420313111819472,0.7865854266652559,0.7420313111819474
30,15,ok,60,142,60.0,2.1174200275807076,2.8022562035036613,0.8674534344020373,0.7380294880855145,0.8575681509030741,0.7380294880855147
30,16,ok,60,142,60.0,2.18208097095018,2.6860514326081844,0.8989045326402239,0.801047232109182,0.8643306060502187,0.8010472321091822
30,17,ok,60,142,60.0,1.8025609315606592,2.304291991042848,0.9226979585572128,0.8492376186598586,0.8558030643399974,0.8492376186598587
30,18,ok,60,142,60.0,2.0378223602437475,2.9472429927851596,0.8790809804930055,0.7622765955272526,0.8558049690389763,0.7622765955272527
30,19,ok,60,142,60.0,2.462342671057331,3.309042669366183,0.8529470260793265,0.7222482160550393,0.7860383176928268,0.7222482160550393
30,20,ok,60,142,60.0,2.138048511262817,2.8700900040554043,0.881205861879415,0.7692807540899942,0.8633370545546495,0.7692807540899943
30,21,ok,60,142,60.0,1.8452458697900207,2.695323070045076,0.9035744511485017,0.8131354139859055,0.8779944874559956,0.8131354139859056
30,22,ok,60,142,60.0,2.085223920221718,2.81101364115866,0.8915574666293984,0.785155443949615,0.8372516794295354,0.7851554439496151
30,23,ok,60,142,60.0,1.8271910788886847,2.6241035437733804,0.9052683529428077,0.8183948594337431,0.8461690159731311,0.8183948594337431
30,24,ok,60,142,60.0,2.1832251018852578,3.117762577425741,0.8364560072545091,0.6873526307400473,0.8219719866137434,0.6873526307400473
30,25,ok,60,142,60.0,2.0756500460262637,2.772148186476602,0.8710947523258823,0.7506409221443702,0.8563420818814764,0.7506409221443702
30,26,ok,60,142,60.0,1.8492374361820414,2.5127578221395663,0.9054786777883139,0.810525200853613,0.8470096897870758,0.8105252008536131
30,27,ok,60,142,60.0,2.029669946041228,2.7137224651835155,0.891682416809596,0.7915802030164933,0.8018952531539001,0.7915802030164936
30,28,ok,60,142,60.0,1.8110216249592819,2.7842516333879663,0.8881420933700883,0.7811913587874191,0.8800418670095016,0.7811913587874191
30,29,ok,60,142,60.0,1.9718243701591442,2.889887746551424,0.8891370654921287,0.7791650039149893,0.8374998980961039,0.7791650039149893
30,30,ok,60,142,60.0,2.2963265415330625,2.932066745802672,0.8819779005185012,0.7318008289418818,0.8674474865000614,0.7318008289418819
30,31,ok,60,142,60.0,1.947822373803759,2.762276789436996,0.8956376717832127,0.7982935847642102,0.8859676843734472,0.7982935847642102
30,32,ok,60,142,60.0,1.9118671203291342,2.380951514232572,0.9061002597467084,0.804253179546596,0.86707986351762,0.8042531795465963
30,33,ok,60,142,60.0,2.131841783401448,3.127196789862417,0.8303997811814536,0.6621145560679633,0.8285133735105095,0.6621145560679635
30,34,ok,60,142,60.0,1.9290238779787614,2.8077586386970004,0.8772391220487487,0.7527722270513852,0.8756629999912234,0.7527722270513854
30,35,ok,60,142,60.0,1.8719017613380704,2.5347849642231957,0.907931608230054,0.8199628521818766,0.8883325892370759,0.8199628521818766
30,36,ok,60,142,60.0,1.8102283684109959,2.2688866324829804,0.9222860600190758,0.8496604279823381,0.8690259664464342,0.8496604279823381
30,37,ok,60,142,60.0,2.640559534687721,3.7051471782374703,0.7429574505449801,0.54183798641192,0.6863994164499446,0.5418379864119204
30,38,ok,60,142,60.0,2.059124520187197,2.9289492434616977,0.8764123097072167,0.7679329831634056,0.8310019386196497,0.7679329831634057
30,39,ok,60,142,60.0,1.808908505718864,2.541041648294268,0.8932175082084435,0.796562255652391,0.8338181478573231,0.7965622556523911
30,40,ok,60,142,60.0,2.33246252206042,3.258229539357427,0.8344411084995408,0.6916738061819301,0.7885117837904722,0.6916738061819304
30,41,ok,60,142,60.0,2.0047405294312437,2.998471534003085,0.868838635029216,0.7519209957391445,0.8221398521992348,0.7519209957391445
30,42,ok,60,142,60.0,1.8603319116488213,2.4271442098973006,0.9215813231437295,0.8425177844630573,0.8716677127332587,0.8425177844630573
30,43,ok,60,142,60.0,1.8412351346218505,2.7259792139639196,0.8729202151432556,0.7530245356523666,0.8640541169961082,0.7530245356523668
30,44,ok,60,142,60.0,1.682772014088808,2.342036666422989,0.917259299352577,0.833743047697615,0.8877671828512415,0.833743047697615
30,45,ok,60,142,60.0,1.5737164604758769,2.0553361581172003,0.9367213197957388,0.8724769348838979,0.9366207991761819,0.8724769348838979
30,46,ok,60,142,60.0,2.09391760072737,2.8300440222894427,0.8687064769751175,0.752430806835725,0.8305759794152268,0.7524308068357253
30,47,ok,60,142,60.0,1.9659861203149225,2.6599001473152675,0.9040363987880559,0.816755309094091,0.8536755598443643,0.8167553090940912
30,48,ok,60,142,60.0,1.8524953977402372,2.421341676908836,0.9124305388750287,0.8319343873282138,0.8875482887775619,0.8319343873282138
30,49,ok,60,142,60.0,1.6613915567204913,2.2104429305022517,0.9234280614674647,0.8469512388472449,0.9178122708143641,0.846951238847245
40,0,ok,80,122,80.0,2.361106274530516,3.0794311689547915,0.8555741066923326,0.731903861505093,0.7980520747108678,0.731903861505093
40,1,ok,80,122,80.0,1.801256463923903,2.492663339362829,0.9114610530924918,0.8303581614830426,0.8710942321218653,0.8303581614830428
40,2,ok,80,122,80.0,2.0067440481545757,2.721847416818438,0.9053446927115525,0.8130528355877792,0.8381197156330674,0.8130528355877793
40,3,ok,80,122,80.0,2.071177937092955,3.076737794090258,0.8575786648690787,0.7304737450892165,0.8271225017836963,0.7304737450892167
40,4,ok,80,122,80.0,2.1212610691376086,2.8632808008212187,0.8668257552549627,0.7338416227212474,0.8392952451259117,0.7338416227212478
40,5,ok,80,122,80.0,2.1072577615935755,2.999113572188828,0.859201287627433,0.7364568429934905,0.8265995826417748,0.7364568429934906
40,6,ok,80,122,80.0,2.0565250695557777,2.6817238248929463,0.9134420710569725,0.829973498080628,0.8368079293628858,0.8299734980806279
40,7,ok,80,122,80.0,2.026703194460379,2.9261804353852376,0.8823972710256662,0.774536345617959,0.8348776099592512,0.7745363456179591
40,8,ok,80,122,80.0,2.1862747199029853,3.100893052021735,0.8358679723692279,0.6918011722353917,0.8108185360204925,0.6918011722353916
40,9,ok,80,122,80.0,1.937196872868674,2.4542121019569225,0.9082859489687973,0.802046892237873,0.9063505506182258,0.802046892237873
40,10,ok,80,122,80.0,2.1437029791923123,2.975279705477873,0.8640634880421401,0.7396143013669408,0.8273741337506986,0.7396143013669407
40,11,ok,80,122,80.0,1.9036840294608055,2.48083884739402,0.911203960220098,0.8291694764440866,0.8516152201365413,0.8291694764440866
40,12,ok,80,122,80.0,1.9624844739456648,2.9123591041730585,0.8849094321662009,0.7810910075109447,0.8638720713071817,0.7810910075109448
40,13,ok,80,122,80.0,1.9733795866718424,2.827967924914139,0.8866564222900016,0.7806290442997578,0.8632578866065524,0.7806290442997579
40,14,ok,80,122,80.0,2.0963840938025102,2.8426500373369192,0.8814050441613854,0.766111578031619,0.865999262271996,0.7661115780316191
40,15,ok,80,122,80.0,1.7710704989195278,2.390303820231303,0.9084313444287572,0.8240829183299786,0.8766340950559058,0.8240829183299786
40,16,ok,80,122,80.0,2.11023399226425,2.925947855210507,0.9090258372368198,0.8121360708867182,0.836008794753144,0.8121360708867182
40,17,ok,80,122,80.0,2.2459187407276318,3.050940852110423,0.8587553854693216,0.7245394553746209,0.8552068777396683,0.7245394553746212
40,18,ok,80,122,80.0,1.9031874289242523,2.4938316299836956,0.9082132564275157,0.8244240464681442,0.8771453375872986,0.8244240464681443
40,19,ok,80,122,80.0,2.2797509220203667,2.80988356272874,0.8688213908681628,0.745133110777733,0.8363118969219877,0.7451331107777333
40,20,ok,80,122,80.0,2.1133607553533693,3.1637192171162667,0.8470396074816495,0.7134492407484764,0.8110860814413585,0.7134492407484767
40,21,ok,80,122,80.0,1.9200132185021404,2.587109828164292,0.8948106082600619,0.799836590217005,0.8701964600405456,0.7998365902170049
40,22,ok,80,122,80.0,1.9168172197474405,2.5767114561713362,0.9035950463553343,0.8160583147960104,0.8501724729398334,0.8160583147960104
40,23,ok,80,122,80.0,1.8369231390769414,2.3515508163665135,0.9143669409698735,0.8290092131034237,0.9117434265121664,0.8290092131034237
40,24,ok,80,122,80.0,1.9187169519347322,2.7642422397020203,0.8960997443778517,0.8019852560879631,0.8733359011293405,0.8019852560879631
40,25,ok,80,122,80.0,1.7283828918918176,2.2177648247527775,0.9283799024698258,0.8496285847226962,0.9208983568083793,0.8496285847226963
40,26,ok,80,122,80.0,1.8687689119052948,2.6119154219446896,0.8917849856865065,0.7833799492146881,0.8917789903558692,0.7833799492146881
40,27,ok,80,122,80.0,2.0740544141170516,2.827688552712524,0.8902293860264229,0.7855306919612306,0.8726488225213882,0.7855306919612306
40,28,ok,80,122,80.0,2.0575687914691003,2.7078100091540653,0.8897603953926442,0.7916504894134639,0.8423734348861059,0.7916504894134639
40,29,ok,80,122,80.0,2.2048236244688724,2.9883173479723277,0.8666229032742875,0.7492337307664362,0.8378985200801156,0.7492337307664363
40,30,ok,80,122,80.0,2.055556715415696,2.7406265819119913,0.9049073707172145,0.8147734764176551,0.8148587683586496,0.8147734764176551
40,31,ok,80,122,80.0,1.7141563425715731,2.1607425118985755,0.9310385042162479,0.8612000107445901,0.8699513322849178,0.8612000107445901
40,32,ok,80,122,80.0,2.0354090167641745,2.7732029486101393,0.9015009940021604,0.8116669723033351,0.8579436304633784,0.8116669723033352
40,33,ok,80,122,80.0,1.866006110060971,2.644579235463959,0.9034799273590833,0.8146760830507891,0.8838251086490468,0.8146760830507891
40,34,ok,80,122,80.0,2.1564311056760856,2.964676534207163,0.8680537517530167,0.7493830537136613,0.8337983736428471,0.7493830537136614
40,35,ok,80,122,80.0,1.9942493321526853,2.7343403958381156,0.8866655929363326,0.7848927856682524,0.8493715537747993,0.7848927856682524
40,36,ok,80,122,80.0,1.9254176499916071,2.762356694463264,0.8965078857873463,0.7945878383790035,0.8936628632798442,0.7945878383790035
40,37,ok,80,122,80.0,2.199595343881106,2.6820404276530856,0.89502121949359,0.7968933552846085,0.8153079302250671,0.7968933552846085
40,38,ok,80,122,80.0,2.0904689674685413,2.8673895623076504,0.877986793144461,0.769753094843904,0.8467993454183389,0.7697530948439041
40,39,ok,80,122,80.0,1.8721382970019362,2.6510409908157038,0.9108764335325511,0.8220036037962314,0.859125789817704,0.8220036037962315
40,40,ok,80,122,80.0,2.063231748656949,2.8334049634965686,0.8894392568823365,0.7891534056376248,0.8258627875009665,0.7891534056376248
40,41,ok,80,122,80.0,1.9535353776415605,2.8214717492419785,0.8898168894626031,0.7814592341734818,0.85891363761265,0.7814592341734821
40,42,ok,80,122,80.0,2.2990519935103295,2.976034025963247,0.8524465985337075,0.6863566806968098,0.831901755863224,0.6863566806968098
40,43,ok,80,122,80.0,1.7715585869106463,2.315340334607039,0.9194272867944014,0.8452130169531099,0.8868584885183532,0.8452130169531101
40,44,ok,80,122,80.0,2.016332138366363,2.831357967799693,0.8625576364071748,0.7306819057943499,0.8553395004770247,0.7306819057943499
40,45,ok,80,122,80.0,2.021782305697286,2.64982355690274,0.8915087743951429,0.7915166117984578,0.8584152613983641,0.7915166117984578
40,46,ok,80,122,80.0,1.987950327048054,2.763949873925791,0.885480190738059,0.7838211139893042,0.8482168215507716,0.7838211139893041
40,47,ok,80,122,80.0,2.4283831518161607,3.239149246813229,0.8308436005545446,0.6894375667192185,0.756602221252626,0.6894375667192187
40,48,ok,80,122,80.0,2.059674804182748,2.7503835851396468,0.9071306133415724,0.8178756971847952,0.8172607203287593,0.8178756971847954
40,49,ok,80,122,80.0,2.0447854549931095,2.6410631935677915,0.9075631930127209,0.8173877913113303,0.8538613970175369,0.8173877913113304
50,0,ok,101,101,101.0,2.0681638614453797,2.832224839327067,0.8740828298991163,0.7599032674690533,0.8091449616280233,0.7599032674690533
50,1,ok,101,101,101.0,2.0113134622032263,2.6887362600280413,0.8994837556174424,0.8079686105766486,0.8397295549315079,0.8079686105766486
50,2,ok,101,101,101.0,1.9763199989853129,2.7124497892935198,0.8958954587915412,0.8011089146599354,0.8269419979242747,0.8011089146599355
50,3,ok,101,101,101.0,1.9590298230088934,2.8080822258773437,0.8788231027591029,0.7672064874870879,0.8690372797909659,0.7672064874870879
50,4,ok,101,101,101.0,2.1448313950917655,3.1521470966087204,0.8535402396413672,0.7269962263124103,0.8109251657019673,0.7269962263124106
50,5,ok,101,101,101.0,1.8157700325739077,2.424393043840353,0.9123670658672218,0.8279394438710236,0.9074414663948626,0.8279394438710235
50,6,ok,101,101,101.0,2.122264868379428,2.8570704989599145,0.8660643802110913,0.7488800182915178,0.8325118955838782,0.7488800182915181
50,7,ok,101,101,101.0,2.004823987808318,2.705178888541066,0.8959821666205319,0.8025497505856908,0.8439268891573015,0.8025497505856908
50,8,ok,101,101,101.0,2.1186576399380166,2.739309077974235,0.8915715752804427,0.7914083136204544,0.8010891574491823,0.7914083136204545
50,9,ok,101,101,101.0,1.9896849347201484,2.596748616114384,0.9140470392750955,0.8336574590252426,0.8453381661026564,0.8336574590252425
50,10,ok,101,101,101.0,2.09516498893845,2.8204423487903356,0.8858641486700553,0.7791000251918846,0.8625963523465727,0.7791000251918845
50,11,ok,101,101,101.0,2.19681532519146,3.1200674293329214,0.8540617823547473,0.7271142091410306,0.8011860503002874,0.7271142091410308
50,12,ok,101,101,101.0,2.026362159175967,2.824927047516569,0.8994352347666003,0.8057456965431067,0.8132438135115125,0.8057456965431067
50,13,ok,101,101,101.0,2.4346265144372543,3.4903780628818426,0.8229035579693931,0.6740732457713354,0.741022452744452,0.6740732457713352
50,14,ok,101,101,101.0,1.8525069203872833,2.5758686137554045,0.8900069374176778,0.7887812066719794,0.8774545194188521,0.7887812066719796
50,15,ok,101,101,101.0,2.290722883952482,3.115024047545043,0.8582748606338476,0.7337990948697262,0.8263534422989132,0.7337990948697264
50,16,ok,101,101,101.0,2.28368603468327,3.25456777817383,0.8561148719456085,0.7325587017963933,0.8038559465995464,0.7325587017963933
50,17,ok,101,101,101.0,2.0474700504934873,2.772804048685343,0.8949499331449426,0.8008506459004334,0.8497475370987058,0.8008506459004336
50,18,ok,101,101,101.0,2.0825035843172373,2.736858787515499,0.8880675807960466,0.7870875962934952,0.8630771521276626,0.7870875962934953
50,19,ok,101,101,101.0,2.0593611492809436,2.9404987917974243,0.8696643154384546,0.7454288649380452,0.842591943580152,0.7454288649380452
50,20,ok,101,101,101.0,2.065335736631661,2.7337157711085704,0.8871323069837036,0.7738067698542372,0.8836000397399537,0.7738067698542372
50,21,ok,101,101,101.0,2.0203477789386266,2.7526104988825595,0.8923361609910894,0.7934085344904129,0.8526683555856196,0.7934085344904128
50,22,ok,101,101,101.0,2.02229515238809,2.7727262893280127,0.886862585755217,0.7849162760093419,0.8532080518325227,0.784916276009342
50,23,ok,101,101,101.0,2.0388883007637,2.6566008059777433,0.896559058602318,0.7988872646304148,0.8005337592678772,0.7988872646304148
50,24,ok,101,101,101.0,1.690173812245472,2.236341533221082,0.9268082982544268,0.8574843210372194,0.9184117903176483,0.8574843210372195
50,25,ok,101,101,101.0,2.1600616310888743,2.8235573572562283,0.8652077544453602,0.7453035363710221,0.8218556877765991,0.7453035363710221
50,26,ok,101,101,101.0,2.159116975204606,2.7042908394878236,0.8923439184013725,0.7930996618758606,0.879495223215418,0.7930996618758606
50,27,ok,101,101,101.0,1.7268527881441254,2.2432551956856748,0.9326852262360787,0.8667054322810743,0.8598093398724611,0.8667054322810743
50,28,ok,101,101,101.0,1.6418086094945106,2.192823412596752,0.9297558738800141,0.8589317148719223,0.9226513024601971,0.8589317148719223
50,29,ok,101,101,101.0,1.9035232547526668,2.664604145979613,0.9030152424338229,0.8113707308685574,0.8132935442468794,0.8113707308685575
50,30,ok,101,101,101.0,2.191174306955521,2.9881637868458353,0.8774105157669544,0.7648824010496754,0.8634260996953688,0.7648824010496755
50,31,ok,101,101,101.0,2.075648340613367,2.7262634164467574,0.8899036650232973,0.7919151984273622,0.8426626263770947,0.7919151984273622
50,32,ok,101,101,101.0,1.9142878927714984,2.5106038180803685,0.89689208654359,0.8033763316352776,0.8724171999529916,0.8033763316352774
50,33,ok,101,101,101.0,1.9160859038298386,2.547723110192741,0.9028800900210395,0.8140397187137115,0.8577091175432415,0.8140397187137114
50,34,ok,101,101,101.0,2.146585551123947,2.9991367138880074,0.8702093903552341,0.7544316654185593,0.8163460825786851,0.7544316654185593
50,35,ok,101,101,101.0,1.9081706772571538,2.655902246519257,0.9059564504895034,0.8180235476419871,0.8348587713696564,0.8180235476419874
50,36,ok,101,101,101.0,2.2683392445297965,3.077033732096173,0.8587698428506684,0.7293212871666253,0.8349512986268031,0.7293212871666253
50,37,ok,101,101,101.0,1.958402436426038,2.7231895369168786,0.8887367157656902,0.7848883153400968,0.879004755251076,0.784888315340097
50,38,ok,101,101,101.0,2.142688420234816,2.754732869105217,0.899050601308678,0.8069670991004562,0.8572176078714367,0.8069670991004562
50,39,ok,101,101,101.0,2.1742417854269354,2.90671724952939,0.8642371529437876,0.7352698599582053,0.8607050864128822,0.7352698599582054
50,40,ok,101,101,101.0,1.9678281687472845,2.6322211273357237,0.9013521141292443,0.796738333529376,0.9013130043277218,0.7967383335293758
50,41,ok,101,101,101.0,1.73169068410435,2.26250683006443,0.9238150681026441,0.8531146321458227,0.8997264017348006,0.8531146321458228
50,42,ok,101,101,101.0,1.9526751412682948,2.5676423250910125,0.9032976584443944,0.8084774269176441,0.8822002650273641,0.8084774269176442
50,43,ok,101,101,101.0,2.046702596344376,2.7255581300716907,0.8913101356001614,0.7927257025462199,0.8151274184109838,0.79272570254622
50,44,ok,101,101,101.0,1.9245084223510114,2.837390352866007,0.8845505344293786,0.7704227787921932,0.8420846812019467,0.7704227787921933
50,45,ok,101,101,101.0,1.9285804143358805,2.6109357959939294,0.9004576959003481,0.8105456626424755,0.8489276750688077,0.8105456626424754
50,46,ok,101,101,101.0,1.9633272340385188,2.5803188849461476,0.9099656712140628,0.8217175529751496,0.8201309731678904,0.8217175529751496
50,47,ok,101,101,101.0,2.1912846777651414,2.672184735066507,0.8945519741319609,0.7991515320929897,0.852738246387454,0.7991515320929897
50,48,ok,101,101,101.0,2.094928669048917,2.8705940477461938,0.8868006537003971,0.7829632338170274,0.8171161219461376,0.7829632338170274
50,49,ok,101,101,101.0,1.9055762325797871,2.6254737927307477,0.9074538718252151,0.822738484432221,0.859453948754886,0.8227384844322211
